id,first_name,last_name,email,ip_address,favorite_animal
1,Victoir,Heliet,vheliet0@pagesperso-orange.fr,225.97.9.194,Panthera leo persica
2,Richie,Knox,rknox1@wordpress.com,233.231.82.108,Chauna torquata
3,Rubetta,Vials,rvials2@uol.com.br,60.120.62.133,Boa caninus
4,Melisent,Dallin,mdallin3@bluehost.com,51.131.232.109,Diomedea irrorata
5,Maggy,O'Noulane,monoulane4@foxnews.com,177.40.141.208,Corythornis cristata
6,Jody,Joriot,jjoriot5@soup.io,195.35.133.253,Conolophus subcristatus
7,Liane,Zute,lzute6@github.com,122.74.94.12,Felis libyca
8,Menard,Lackmann,mlackmann7@cbslocal.com,186.105.105.218,Diomedea irrorata
9,Vivie,Novill,vnovill8@hc360.com,10.118.81.255,Bradypus tridactylus
10,Nadia,Marcham,nmarcham9@topsy.com,69.162.245.176,Antilope cervicapra
11,Cordula,Woodard,cwoodarda@cnbc.com,229.247.171.139,Aegypius tracheliotus
12,Maris,Sarle,msarleb@ft.com,114.30.31.187,Coluber constrictor
13,Fredra,Goby,fgobyc@xinhuanet.com,158.129.176.195,Melursus ursinus
14,Stern,Olivari,solivarid@altervista.org,89.75.29.110,Sylvicapra grimma
15,Cyrus,Foley,cfoleye@usgs.gov,192.37.21.204,Melursus ursinus
16,Buffy,Luff,blufff@ucla.edu,64.81.220.235,Macaca nemestrina
17,Laraine,Briddock,lbriddockg@epa.gov,45.50.62.52,Eudyptula minor
18,Lola,MacBey,lmacbeyh@amazon.co.jp,42.8.100.61,Callorhinus ursinus
19,Cirstoforo,Duval,cduvali@netscape.com,222.182.148.73,Crotalus cerastes
20,Lindon,Keaveney,lkeaveneyj@ezinearticles.com,42.93.109.18,Geochelone elephantopus
21,Tildy,Rigard,trigardk@cbc.ca,243.199.183.148,Tetracerus quadricornis
22,Ray,Excell,rexcelll@java.com,67.24.231.184,Mirounga leonina
23,Sheeree,Jurgensen,sjurgensenm@apple.com,126.214.58.203,Acridotheres tristis
24,Bryon,Exposito,bexpositon@macromedia.com,237.190.41.136,Thylogale stigmatica
25,Lemmie,Cowperthwaite,lcowperthwaiteo@dagondesign.com,145.211.179.206,Gekko gecko
26,Herb,Torrecilla,htorrecillap@zdnet.com,146.213.124.226,Heloderma horridum
27,Herschel,Schankel,hschankelq@economist.com,79.31.1.154,Papilio canadensis
28,Dodie,Barabisch,dbarabischr@imgur.com,92.221.26.35,Colobus guerza
29,Sibley,Corhard,scorhards@yellowpages.com,74.143.147.221,Ratufa indica
30,Francesca,Querree,fquerreet@mashable.com,108.105.82.80,Anas platyrhynchos
31,Tim,Crann,tcrannu@weibo.com,104.124.149.25,Merops nubicus
32,Blaine,Nice,bnicev@ft.com,113.243.85.84,Buteo galapagoensis
33,Ashlen,Jollye,ajollyew@diigo.com,165.84.98.51,Plegadis ridgwayi
34,Gal,Cristol,gcristolx@nyu.edu,244.196.97.28,Crotalus triseriatus
35,Ryley,Harston,rharstony@marketwatch.com,197.172.207.240,Larus dominicanus
36,Franklin,Odell,fodellz@adobe.com,61.78.32.136,Ephipplorhynchus senegalensis
37,Karl,Hammer,khammer10@slate.com,167.155.154.7,Colobus guerza
38,Madeleine,Whalebelly,mwhalebelly11@vk.com,191.120.97.73,Canis aureus
39,Hubey,Helsby,hhelsby12@ebay.com,207.122.229.119,Tauraco porphyrelophus
40,Freda,Copas,fcopas13@aboutads.info,13.238.76.150,Ramphastos tucanus
41,Millisent,Farrears,mfarrears14@stanford.edu,179.110.236.106,Sterna paradisaea
42,Laurie,Geddes,lgeddes15@ehow.com,62.110.158.166,Eolophus roseicapillus
43,Klarrisa,Braunter,kbraunter16@marketwatch.com,106.245.136.157,Felis serval
44,Porter,Allewell,pallewell17@bluehost.com,6.167.97.243,Ninox superciliaris
45,Tine,Riccelli,triccelli18@sphinn.com,198.84.184.212,Ciconia ciconia
46,Korie,Campanelle,kcampanelle19@ft.com,190.2.98.146,Redunca redunca
47,Ally,Diggles,adiggles1a@epa.gov,105.143.182.92,Diomedea irrorata
48,Tomaso,Adolf,tadolf1b@google.com.br,222.120.133.112,Phascogale tapoatafa
49,Sigfried,Dumini,sdumini1c@elpais.com,136.210.101.245,Lemur fulvus
50,Thorndike,Hellin,thellin1d@jimdo.com,184.160.171.141,Lorythaixoides concolor
51,Torey,Maymond,tmaymond1e@sbwire.com,9.112.196.56,Connochaetus taurinus
52,Wadsworth,Duffitt,wduffitt1f@cdc.gov,12.7.126.100,Pelecanus conspicillatus
53,Oralia,Gyde,ogyde1g@ebay.com,121.46.188.229,Sylvicapra grimma
54,Gibb,Joint,gjoint1h@mozilla.org,253.28.250.173,Laniarius ferrugineus
55,Chery,Puleston,cpuleston1i@umn.edu,145.128.133.57,Dasypus novemcinctus
56,Addie,Brailey,abrailey1j@naver.com,29.156.53.113,Stenella coeruleoalba
57,Early,Pales,epales1k@dell.com,66.86.226.194,Equus hemionus
58,Patrizia,Ripping,pripping1l@taobao.com,164.204.107.2,Ramphastos tucanus
59,Brennen,Karpenya,bkarpenya1m@de.vu,8.3.5.125,Uraeginthus granatina
60,Connie,Louys,clouys1n@amazonaws.com,1.146.108.180,Actophilornis africanus
61,Johanna,Cressor,jcressor1o@amazon.com,64.115.97.200,Eudromia elegans
62,Gill,Havvock,ghavvock1p@tamu.edu,111.93.239.217,Naja nivea
63,Magda,Froment,mfroment1q@networkadvertising.org,255.220.169.224,Boselaphus tragocamelus
64,Mariele,McCritchie,mmccritchie1r@live.com,83.244.78.152,Acrobates pygmaeus
65,Malcolm,Featenby,mfeatenby1s@trellian.com,103.145.147.63,unavailable
66,Jamill,Stickland,jstickland1t@ifeng.com,179.185.243.4,Cynomys ludovicianus
67,Ketti,Baggelley,kbaggelley1u@ameblo.jp,19.59.73.39,Equus hemionus
68,Elnore,Rodgerson,erodgerson1v@google.co.jp,222.29.22.113,Varanus sp.
69,Devin,Loggie,dloggie1w@dedecms.com,181.193.224.100,Lophoaetus occipitalis
70,Ricki,Pink,rpink1x@pinterest.com,229.174.202.70,Varanus salvator
71,Kaja,Honsch,khonsch1y@histats.com,222.37.111.158,Stercorarius longicausus
72,Brady,Allchin,ballchin1z@indiegogo.com,83.115.29.55,Papio cynocephalus
73,Nickola,Bettley,nbettley20@mlb.com,49.145.70.62,Climacteris melanura
74,Xylia,Kuhnhardt,xkuhnhardt21@ibm.com,137.160.253.102,unavailable
75,Katina,Eastcourt,keastcourt22@infoseek.co.jp,142.164.146.161,Ceratotherium simum
76,Filberto,Lawlance,flawlance23@yandex.ru,22.86.114.149,Hippotragus niger
77,Reinold,Gabbatt,rgabbatt24@jigsy.com,240.164.209.134,Dasypus novemcinctus
78,Fraze,Sully,fsully25@hud.gov,127.186.182.205,Delphinus delphis
79,Edith,Thumim,ethumim26@noaa.gov,49.35.61.104,Dasypus novemcinctus
80,Gui,Martyns,gmartyns27@drupal.org,181.137.195.102,Coluber constrictor
81,Vincenz,Silberschatz,vsilberschatz28@abc.net.au,66.50.90.186,Platalea leucordia
82,Persis,Vedyaev,pvedyaev29@merriam-webster.com,167.184.98.246,Antechinus flavipes
83,Poul,Krolak,pkrolak2a@4shared.com,136.145.180.107,Coluber constrictor
84,Cornelia,Pawelec,cpawelec2b@hostgator.com,133.73.155.116,unavailable
85,Mitchael,Skelhorne,mskelhorne2c@typepad.com,190.85.62.214,Notechis semmiannulatus
86,Loria,Bonhomme,lbonhomme2d@prlog.org,46.169.60.247,Anastomus oscitans
87,Hatty,Dedrick,hdedrick2e@theguardian.com,191.158.128.39,Eudromia elegans
88,Abner,O'Rafferty,aorafferty2f@mail.ru,22.85.124.58,Uraeginthus granatina
89,Giselbert,Mariotte,gmariotte2g@dyndns.org,165.221.160.191,Buteo galapagoensis
90,Claire,Sparkwell,csparkwell2h@angelfire.com,201.158.184.55,Felis caracal
91,Jerome,Farny,jfarny2i@furl.net,68.116.67.228,Cygnus atratus
92,Ferdie,Lade,flade2j@hhs.gov,151.146.197.218,Grus canadensis
93,Garik,Grainge,ggrainge2k@smh.com.au,213.238.128.177,Butorides striatus
94,Egbert,Galley,egalley2l@printfriendly.com,20.209.22.92,Graspus graspus
95,Marlo,Minihan,mminihan2m@cloudflare.com,168.85.96.170,Bucephala clangula
96,Marita,Gorrie,mgorrie2n@friendfeed.com,119.165.150.37,Tetracerus quadricornis
97,Alis,Dungay,adungay2o@ehow.com,179.1.242.173,Spizaetus coronatus
98,Baldwin,Almon,balmon2p@wsj.com,95.51.236.38,Canis aureus
99,James,Hakonsson,jhakonsson2q@quantcast.com,198.212.192.129,Macropus giganteus
100,Kayla,Bockett,kbockett2r@list-manage.com,177.216.172.231,Certotrichas paena
101,Rhea,Limeburner,rlimeburner2s@latimes.com,71.36.175.212,Pterocles gutturalis
102,Boyce,Mewburn,bmewburn2t@ow.ly,87.20.55.98,Hyaena hyaena
103,Corella,Buddles,cbuddles2u@dedecms.com,176.108.231.3,Anser anser
104,Van,Dall,vdall2v@deliciousdays.com,45.163.219.69,Alopochen aegyptiacus
105,Harv,Dubois,hdubois2w@amazon.co.jp,237.3.185.247,Vulpes chama
106,Auguste,Olliver,aolliver2x@skyrock.com,7.167.31.59,Trichosurus vulpecula
107,Camilla,Geldeford,cgeldeford2y@china.com.cn,133.116.107.43,Columba livia
108,Diarmid,Falkous,dfalkous2z@symantec.com,108.127.58.229,Larus novaehollandiae
109,Fredia,Sunter,fsunter30@symantec.com,32.156.209.129,Helogale undulata
110,Luella,Easey,leasey31@vinaora.com,229.18.51.229,Buteo regalis
111,Marrilee,Curm,mcurm32@baidu.com,121.132.118.177,Varanus sp.
112,Tilly,Bevan,tbevan33@histats.com,227.133.207.64,Papio cynocephalus
113,Manon,Hamman,mhamman34@businessinsider.com,93.231.67.225,Melursus ursinus
114,Hobard,Holdin,hholdin35@buzzfeed.com,168.174.4.124,Bugeranus caruncalatus
115,Sibbie,Arbor,sarbor36@craigslist.org,53.211.36.238,Nesomimus trifasciatus
116,Hermie,Anfrey,hanfrey37@slideshare.net,114.37.255.119,Cacatua tenuirostris
117,Barby,Hamill,bhamill38@exblog.jp,147.225.15.151,Drymarchon corias couperi
118,Claribel,Coda,ccoda39@epa.gov,118.135.102.232,Platalea leucordia
119,Art,Mussilli,amussilli3a@infoseek.co.jp,176.87.143.180,Canis lupus lycaon
120,Thadeus,Knox,tknox3b@1und1.de,112.19.24.121,Junonia genoveua
121,Aloysius,Carlaw,acarlaw3c@ebay.co.uk,13.192.205.137,Redunca redunca
122,Harmony,Jewell,hjewell3d@slate.com,81.76.40.60,Graspus graspus
123,Benedick,Whellans,bwhellans3e@discuz.net,44.195.212.46,Eudyptula minor
124,Ardisj,Lamke,alamke3f@friendfeed.com,43.4.213.19,Microcavia australis
125,Arlana,Locks,alocks3g@jalbum.net,176.249.168.210,Larus sp.
126,Octavius,Littledike,olittledike3h@chicagotribune.com,230.227.177.175,Psophia viridis
127,Eleonore,Densell,edensell3i@apache.org,56.146.232.51,Eolophus roseicapillus
128,Rafaello,Glasby,rglasby3j@unesco.org,157.213.120.208,Anas bahamensis
129,Bogey,Barfitt,bbarfitt3k@blog.com,156.194.88.17,Sylvilagus floridanus
130,Fan,Ahlin,fahlin3l@moonfruit.com,149.39.84.203,Iguana iguana
131,Dorice,Aldins,daldins3m@feedburner.com,232.53.64.122,Phalacrocorax niger
132,Danni,Hamill,dhamill3n@studiopress.com,159.237.75.71,Potorous tridactylus
133,Armando,De Few,adefew3o@ihg.com,167.120.6.177,Procyon lotor
134,Morrie,Bloom,mbloom3p@hatena.ne.jp,209.151.213.210,Smithopsis crassicaudata
135,Melba,Crudge,mcrudge3q@liveinternet.ru,37.145.104.49,Lamprotornis chalybaeus
136,Nobie,Cosker,ncosker3r@wix.com,61.53.141.242,Chauna torquata
137,Kahlil,Guitton,kguitton3s@fda.gov,98.38.225.255,Felis silvestris lybica
138,Morton,Nurse,mnurse3t@gmpg.org,229.248.181.157,Gorilla gorilla
139,Mariel,Tulip,mtulip3u@tumblr.com,69.61.212.87,Uraeginthus granatina
140,Reinaldos,Moverley,rmoverley3v@apache.org,196.129.107.243,Gerbillus sp.
141,Annalee,O'Doghesty,aodoghesty3w@paypal.com,248.132.24.59,Macropus rufogriseus
142,Walt,Philippon,wphilippon3x@ox.ac.uk,102.32.230.243,Cracticus nigroagularis
143,Beilul,Broady,bbroady3y@hostgator.com,66.0.20.97,Felis silvestris lybica
144,Bobbette,Ettridge,bettridge3z@wordpress.com,221.149.235.81,Thylogale stigmatica
145,Hayyim,Landrieu,hlandrieu40@hostgator.com,164.17.205.246,unavailable
146,Iseabal,Carn,icarn41@chronoengine.com,117.107.216.69,Uraeginthus angolensis
147,Loleta,Bewshaw,lbewshaw42@cafepress.com,11.209.197.3,Sauromalus obesus
148,Katine,Ferneyhough,kferneyhough43@wired.com,238.80.147.233,Grus rubicundus
149,Merralee,Clutram,mclutram44@nih.gov,90.60.110.87,Dicrostonyx groenlandicus
150,Malcolm,Cheley,mcheley45@aol.com,124.13.143.167,unavailable
151,Terrijo,Theobald,ttheobald46@simplemachines.org,62.121.101.240,Macaca fuscata
152,Bendick,Tollady,btollady47@vistaprint.com,208.70.194.238,Spheniscus mendiculus
153,Glynn,Engley,gengley48@berkeley.edu,115.124.8.96,Terrapene carolina
154,Aloin,Goricke,agoricke49@craigslist.org,145.150.198.28,Macaca nemestrina
155,Miguela,Hinge,mhinge4a@netvibes.com,90.153.163.66,Meles meles
156,Tully,Skerman,tskerman4b@amazon.co.uk,104.142.114.247,Colaptes campestroides
157,Ottilie,Hartlebury,ohartlebury4c@discuz.net,81.110.201.124,Papilio canadensis
158,Rica,Lippo,rlippo4d@nydailynews.com,79.59.187.75,Dasyurus viverrinus
159,Brinn,Creggan,bcreggan4e@shop-pro.jp,181.245.161.222,unavailable
160,Curtis,Stokoe,cstokoe4f@vistaprint.com,135.134.108.137,Manouria emys
161,Manon,Wackly,mwackly4g@moonfruit.com,94.245.61.96,Phascolarctos cinereus
162,Elnore,Newrick,enewrick4h@mapquest.com,153.0.94.87,Mycteria leucocephala
163,Cassandra,Condict,ccondict4i@4shared.com,180.199.182.42,Terathopius ecaudatus
164,Latia,Saffon,lsaffon4j@jalbum.net,180.24.186.2,Marmota monax
165,Matilda,Kilroy,mkilroy4k@bizjournals.com,60.219.173.190,Chauna torquata
166,Vince,Macci,vmacci4l@weather.com,237.63.184.196,Corvus brachyrhynchos
167,Fabio,O'Doogan,fodoogan4m@home.pl,49.170.13.76,Terathopius ecaudatus
168,Hamil,Vearncombe,hvearncombe4n@goo.gl,191.207.129.6,Castor canadensis
169,Bernie,Adelsberg,badelsberg4o@soup.io,245.246.35.20,Phascogale calura
170,Noni,Piesing,npiesing4p@oakley.com,111.127.162.65,Larus novaehollandiae
171,Skelly,Dimelow,sdimelow4q@msu.edu,144.169.199.144,Tockus flavirostris
172,Kay,Godlee,kgodlee4r@berkeley.edu,56.21.159.82,Gazella thompsonii
173,Tremayne,Hardy-Piggin,thardypiggin4s@tinypic.com,148.165.163.187,Motacilla aguimp
174,Kaine,Bosson,kbosson4t@weebly.com,0.95.198.103,Gyps fulvus
175,Alyosha,Botly,abotly4u@meetup.com,8.207.43.103,Alcelaphus buselaphus caama
176,Marketa,Pear,mpear4v@ovh.net,78.212.217.58,Globicephala melas
177,Marcello,Bigby,mbigby4w@sphinn.com,98.35.145.155,Phylurus milli
178,Crissie,Tregenza,ctregenza4x@globo.com,11.138.176.209,Petaurus norfolcensis
179,Kerstin,Callaway,kcallaway4y@lycos.com,208.74.66.83,Rhea americana
180,Yankee,Franzetti,yfranzetti4z@weebly.com,161.194.169.63,Lepilemur rufescens
181,Alvinia,Maysor,amaysor50@rambler.ru,167.216.138.68,Falco mexicanus
182,Hollyanne,Bewshire,hbewshire51@bbb.org,49.14.39.226,Aonyx cinerea
183,Tabbie,Duhig,tduhig52@disqus.com,169.187.34.49,Pteropus rufus
184,Tish,Rableau,trableau53@businessinsider.com,199.80.14.203,Canis mesomelas
185,Georgianna,Pyford,gpyford54@photobucket.com,2.126.51.24,Zenaida galapagoensis
186,Kali,Tockell,ktockell55@technorati.com,188.253.26.191,unavailable
187,Kimbra,Fysh,kfysh56@statcounter.com,175.249.113.8,Semnopithecus entellus
188,Ester,Boc,eboc57@wikimedia.org,156.235.95.142,Crotaphytus collaris
189,Eada,Reveley,ereveley58@ucoz.ru,14.128.43.197,Hymenolaimus malacorhynchus
190,Ingemar,Leglise,ileglise59@pen.io,162.161.153.148,Pavo cristatus
191,Keven,Hegg,khegg5a@google.es,110.103.11.189,Platalea leucordia
192,Findlay,Lackinton,flackinton5b@npr.org,43.84.8.164,Eolophus roseicapillus
193,Flora,Deneve,fdeneve5c@yellowpages.com,177.103.10.187,Lutra canadensis
194,Deidre,Alderman,dalderman5d@google.co.uk,126.150.79.89,Merops nubicus
195,Dre,Broomfield,dbroomfield5e@feedburner.com,136.106.109.143,Morelia spilotes variegata
196,Serena,Harvett,sharvett5f@cbc.ca,179.154.33.155,Tamandua tetradactyla
197,Trip,Barday,tbarday5g@illinois.edu,93.121.79.5,Gymnorhina tibicen
198,Juline,Bearward,jbearward5h@ovh.net,213.49.67.4,Morelia spilotes variegata
199,Nate,Kairns,nkairns5i@istockphoto.com,132.164.134.23,Ephipplorhynchus senegalensis
200,Florenza,Bisson,fbisson5j@xinhuanet.com,118.168.158.243,Lepus townsendii
201,Jillian,Klemmt,jklemmt5k@ehow.com,31.171.136.158,Bassariscus astutus
202,Violet,Lightwood,vlightwood5l@alibaba.com,195.234.107.143,Thamnolaea cinnmomeiventris
203,Caleb,Conner,cconner5m@yahoo.com,113.184.18.177,Streptopelia senegalensis
204,Farrell,Cansfield,fcansfield5n@blogger.com,186.61.187.148,Tapirus terrestris
205,Loydie,Piggin,lpiggin5o@cbsnews.com,192.200.57.241,Grus canadensis
206,Guthrie,Rosendale,grosendale5p@vkontakte.ru,163.61.200.69,Lybius torquatus
207,Cecilio,Osbiston,cosbiston5q@mit.edu,206.221.160.9,Trichosurus vulpecula
208,Ky,Brunke,kbrunke5r@freewebs.com,51.66.115.113,Potorous tridactylus
209,Jeremiah,Burder,jburder5s@tripod.com,208.223.208.172,Acridotheres tristis
210,Sully,Giveen,sgiveen5t@fastcompany.com,193.5.234.149,Larus dominicanus
211,Bastian,Iron,biron5u@prnewswire.com,129.5.64.16,Motacilla aguimp
212,Sherry,Elcome,selcome5v@jigsy.com,170.7.49.125,Cereopsis novaehollandiae
213,Arvie,Rack,arack5w@blinklist.com,55.87.247.232,Geospiza sp.
214,Keelby,Warrell,kwarrell5x@nifty.com,199.47.34.197,Ursus americanus
215,Luther,Shwalbe,lshwalbe5y@samsung.com,81.105.136.51,Merops nubicus
216,Duncan,Paolazzi,dpaolazzi5z@dailymail.co.uk,54.20.130.102,Callipepla gambelii
217,Durward,Smouten,dsmouten60@oaic.gov.au,229.245.11.177,Axis axis
218,Colline,Taile,ctaile61@dyndns.org,231.222.216.215,unavailable
219,Zedekiah,Crips,zcrips62@liveinternet.ru,225.227.191.6,Sciurus vulgaris
220,Niccolo,De Gregoli,ndegregoli63@squarespace.com,142.247.48.246,Canis aureus
221,Siffre,Toleman,stoleman64@noaa.gov,210.144.59.254,Manouria emys
222,Bennie,Hallgate,bhallgate65@hexun.com,37.42.254.108,Sylvicapra grimma
223,Minni,Simoes,msimoes66@tmall.com,35.38.129.51,Didelphis virginiana
224,Hardy,Avramovsky,havramovsky67@hexun.com,148.81.252.131,Mazama gouazoubira
225,Nicholle,Dwelly,ndwelly68@4shared.com,207.107.72.6,Paradoxurus hermaphroditus
226,Tom,Stendall,tstendall69@ehow.com,90.237.13.77,Sceloporus magister
227,Nathan,Hosby,nhosby6a@ucoz.com,93.27.85.215,Cervus elaphus
228,Booth,Lavallin,blavallin6b@google.es,27.102.156.59,Tockus erythrorhyncus
229,Sasha,Hannent,shannent6c@marketwatch.com,164.160.128.95,Phalaropus fulicarius
230,Prescott,Westney,pwestney6d@t.co,206.224.33.187,Ardea golieth
231,Launce,Folks,lfolks6e@wix.com,196.240.170.102,Zalophus californicus
232,Kyle,Faivre,kfaivre6f@vk.com,95.175.137.180,Acrantophis madagascariensis
233,Antons,Eilhart,aeilhart6g@geocities.com,208.158.235.244,Cordylus giganteus
234,Mada,Ellwell,mellwell6h@mapy.cz,44.177.66.250,Bettongia penicillata
235,Jeno,Stainton - Skinn,jstaintonskinn6i@wikispaces.com,104.69.97.226,Estrilda erythronotos
236,Welby,Stringfellow,wstringfellow6j@europa.eu,25.77.67.82,Mazama gouazoubira
237,Packston,Gianuzzi,pgianuzzi6k@disqus.com,58.252.212.0,Kobus defassa
238,Cherise,Spinetti,cspinetti6l@homestead.com,23.96.101.191,Leptoptilos crumeniferus
239,Hinda,Pepye,hpepye6m@nps.gov,104.149.39.243,Calyptorhynchus magnificus
240,Dorthea,Bourley,dbourley6n@google.com.au,13.82.178.76,Columba livia
241,Mac,Gianni,mgianni6o@cargocollective.com,43.79.77.200,Phalacrocorax brasilianus
242,Hortensia,Wallach,hwallach6p@umich.edu,59.56.54.62,Eubalaena australis
243,La verne,Fleming,lfleming6q@nyu.edu,235.18.204.145,Nycticorax nycticorax
244,Martino,Delaney,mdelaney6r@cam.ac.uk,132.126.114.245,Lepilemur rufescens
245,Marnie,deKnevet,mdeknevet6s@mtv.com,162.7.222.150,Ovis dalli stonei
246,Brendon,Kalkofer,bkalkofer6t@virginia.edu,149.115.216.186,Otocyon megalotis
247,Zoe,Ast,zast6u@digg.com,74.156.200.243,Paroaria gularis
248,Normand,Overill,noverill6v@creativecommons.org,46.60.20.236,Uraeginthus angolensis
249,Juliet,Gravell,jgravell6w@nydailynews.com,112.54.105.88,Phascogale calura
250,Adham,Tottle,atottle6x@youku.com,121.202.252.134,Porphyrio porphyrio
251,Marlie,Davidovitz,mdavidovitz6y@deliciousdays.com,241.79.67.216,Tamandua tetradactyla
252,Melisent,Canniffe,mcanniffe6z@netlog.com,13.149.125.215,Uraeginthus granatina
253,Chariot,Stapley,cstapley70@wix.com,31.143.44.237,Ephipplorhynchus senegalensis
254,Penelopa,Ketteridge,pketteridge71@last.fm,80.222.107.253,Ovis orientalis
255,Lida,Maslin,lmaslin72@who.int,19.42.240.52,Smithopsis crassicaudata
256,Obie,Varns,ovarns73@google.cn,41.2.188.163,Sterna paradisaea
257,Petronilla,Checo,pcheco74@123-reg.co.uk,177.125.25.30,Ploceus rubiginosus
258,Grace,Golling,ggolling75@sogou.com,133.144.158.205,Cervus duvauceli
259,Hesther,Dering,hdering76@github.com,187.41.121.129,Cordylus giganteus
260,Jobye,Croucher,jcroucher77@amazon.co.jp,56.219.200.216,Plocepasser mahali
261,Cleopatra,Colloff,ccolloff78@umn.edu,237.182.138.98,Pelecanus conspicillatus
262,Sibby,Croall,scroall79@ifeng.com,172.162.105.230,Gymnorhina tibicen
263,Natasha,Beurich,nbeurich7a@sitemeter.com,99.180.44.116,Geochelone elephantopus
264,Berty,Billison,bbillison7b@telegraph.co.uk,137.36.124.216,Loxodonta africana
265,Brandyn,Ortells,bortells7c@dyndns.org,71.174.177.135,Damaliscus dorcas
266,Leia,Burbudge,lburbudge7d@angelfire.com,144.195.220.13,Macropus fuliginosus
267,Rasla,Bothe,rbothe7e@rakuten.co.jp,173.145.126.119,Uraeginthus angolensis
268,Bronnie,Blundell,bblundell7f@sohu.com,24.148.107.143,Leptoptilus dubius
269,Trevar,Beauchamp,tbeauchamp7g@ezinearticles.com,214.3.212.18,Scolopax minor
270,Tate,Dusting,tdusting7h@yelp.com,141.214.203.239,Lasiodora parahybana
271,Audra,McKague,amckague7i@go.com,40.37.142.19,Bubulcus ibis
272,Alden,Shanahan,ashanahan7j@dyndns.org,146.126.23.13,Boa constrictor mexicana
273,Minta,Chipp,mchipp7k@xrea.com,101.203.252.102,Cynomys ludovicianus
274,Iona,Ioan,iioan7l@mac.com,56.165.147.80,Centrocercus urophasianus
275,Morgen,Jansen,mjansen7m@ask.com,15.115.254.27,Pterocles gutturalis
276,Minetta,Stealy,mstealy7n@dailymail.co.uk,248.123.25.63,Zosterops pallidus
277,Daveen,Stenett,dstenett7o@cisco.com,211.242.235.58,Megaderma spasma
278,Alford,Manneville,amanneville7p@sciencedirect.com,199.224.119.146,Ratufa indica
279,Henriette,Moulding,hmoulding7q@hubpages.com,201.182.169.119,Cordylus giganteus
280,Karia,Samuels,ksamuels7r@hexun.com,194.151.155.76,Mycteria leucocephala
281,Denis,Gorger,dgorger7s@hhs.gov,15.171.134.103,Agelaius phoeniceus
282,Alberik,Bringloe,abringloe7t@free.fr,49.194.22.81,Haliaetus vocifer
283,Gustaf,Konmann,gkonmann7u@flavors.me,2.46.136.224,Bucephala clangula
284,Mufi,Southby,msouthby7v@desdev.cn,122.58.91.193,Sciurus vulgaris
285,Perry,McLanachan,pmclanachan7w@scientificamerican.com,49.155.216.73,Erinaceus frontalis
286,Abba,Kemitt,akemitt7x@feedburner.com,92.139.8.129,Cyrtodactylus louisiadensis
287,Enid,Locarno,elocarno7y@163.com,96.3.55.222,Oryx gazella callotis
288,Alida,Daviot,adaviot7z@baidu.com,57.19.67.105,Ciconia ciconia
289,Mord,Mundell,mmundell80@multiply.com,6.226.29.255,Pteronura brasiliensis
290,Minnie,Lambard,mlambard81@com.com,225.94.186.13,Macropus eugenii
291,Farly,Mettetal,fmettetal82@umich.edu,139.120.211.48,Alectura lathami
292,Edwina,Allsebrook,eallsebrook83@netvibes.com,240.242.51.60,Capreolus capreolus
293,Cheston,Pervew,cpervew84@istockphoto.com,120.172.7.124,Nesomimus trifasciatus
294,Krishnah,McLeese,kmcleese85@wikispaces.com,168.187.26.156,Centrocercus urophasianus
295,Flossy,Krug,fkrug86@mozilla.com,231.165.155.155,Pseudalopex gymnocercus
296,Lynnett,Halley,lhalley87@blogs.com,225.37.126.45,Larus novaehollandiae
297,Deni,Lucy,dlucy88@canalblog.com,29.121.178.7,Anathana ellioti
298,Biddie,Derdes,bderdes89@amazon.co.uk,224.187.164.241,Actophilornis africanus
299,Natal,Knotte,nknotte8a@ucla.edu,66.144.101.16,unavailable
300,Raffarty,Rosiello,rrosiello8b@youtu.be,85.119.125.251,Junonia genoveua
301,Waring,Alvarez,walvarez8c@geocities.com,126.85.251.183,Podargus strigoides
302,Constantine,Leatt,cleatt8d@woothemes.com,234.143.218.135,Varanus salvator
303,Betty,Hassey,bhassey8e@jimdo.com,193.215.232.119,Diomedea irrorata
304,Alvina,Grimston,agrimston8f@addthis.com,184.115.206.40,Anastomus oscitans
305,Orly,Cardoe,ocardoe8g@weibo.com,3.88.171.121,Diomedea irrorata
306,Jarib,Booi,jbooi8h@home.pl,59.189.92.252,Chauna torquata
307,Dalis,Gabel,dgabel8i@discovery.com,15.119.58.7,Cracticus nigroagularis
308,Beauregard,Reith,breith8j@free.fr,155.230.137.74,Geococcyx californianus
309,Deena,Hairyes,dhairyes8k@bloglines.com,168.84.207.76,Spizaetus coronatus
310,Madel,Solman,msolman8l@prnewswire.com,38.105.251.214,Cacatua tenuirostris
311,Lev,Teague,lteague8m@mediafire.com,52.228.13.13,Nyctea scandiaca
312,Pepita,Klemenz,pklemenz8n@ed.gov,190.190.93.250,Gyps bengalensis
313,Creighton,Byre,cbyre8o@odnoklassniki.ru,139.212.148.218,Cervus canadensis
314,Lorry,Roddy,lroddy8p@taobao.com,224.30.4.43,Lybius torquatus
315,Valera,Slafford,vslafford8q@acquirethisname.com,209.157.49.155,Cracticus nigroagularis
316,Torey,Ravenscraft,travenscraft8r@cyberchimps.com,252.119.65.175,Macaca mulatta
317,Oralle,McFater,omcfater8s@gov.uk,84.151.52.132,Sarkidornis melanotos
318,Sherilyn,Hemms,shemms8t@qq.com,117.16.91.232,Boa caninus
319,Rochester,Fitzsymonds,rfitzsymonds8u@etsy.com,195.132.66.241,Corythornis cristata
320,Dyana,Dibble,ddibble8v@blinklist.com,162.77.230.69,Suricata suricatta
321,Lillis,Drakes,ldrakes8w@engadget.com,119.174.156.123,Trichosurus vulpecula
322,Noel,Gregorace,ngregorace8x@multiply.com,229.23.2.9,Cebus apella
323,Mitchael,Kenneway,mkenneway8y@canalblog.com,112.21.33.145,Leipoa ocellata
324,Hadlee,Hollow,hhollow8z@smugmug.com,16.92.26.206,Ninox superciliaris
325,Goldie,Starbucke,gstarbucke90@buzzfeed.com,186.242.10.30,Psittacula krameri
326,Garrott,Mebs,gmebs91@seattletimes.com,10.222.235.217,Coluber constrictor
327,Laurice,Leavy,lleavy92@printfriendly.com,130.47.0.94,Haliaeetus leucocephalus
328,Rowe,Totman,rtotman93@fastcompany.com,31.189.91.190,Haliaeetus leucocephalus
329,Mychal,Gerrelt,mgerrelt94@zimbio.com,11.216.37.199,Pteropus rufus
330,Consolata,Gerdes,cgerdes95@istockphoto.com,158.33.85.109,Toxostoma curvirostre
331,Doe,O'Sheeryne,dosheeryne96@tinyurl.com,240.6.161.31,Phoenicopterus ruber
332,Kermit,De Roeck,kderoeck97@noaa.gov,165.125.219.142,Camelus dromedarius
333,Darby,Garbert,dgarbert98@instagram.com,203.34.150.153,Damaliscus dorcas
334,Heddie,Westnage,hwestnage99@behance.net,63.97.155.94,Sarkidornis melanotos
335,Wyndham,Espinal,wespinal9a@statcounter.com,26.80.190.118,Naja haje
336,Corine,Ware,cware9b@purevolume.com,58.212.224.107,Melursus ursinus
337,Chaim,Sutliff,csutliff9c@twitpic.com,88.131.204.62,Threskionis aethiopicus
338,Valery,Klimaszewski,vklimaszewski9d@samsung.com,242.171.167.96,Recurvirostra avosetta
339,Ansley,Hutchcraft,ahutchcraft9e@printfriendly.com,122.242.140.251,Himantopus himantopus
340,Gaston,Gouldstraw,ggouldstraw9f@cocolog-nifty.com,204.174.148.179,Salvadora hexalepis
341,Rollo,Schroeder,rschroeder9g@google.de,174.156.87.203,Dendrohyrax brucel
342,Janeczka,Keepence,jkeepence9h@feedburner.com,146.106.30.219,Bassariscus astutus
343,Eachelle,MacCrackan,emaccrackan9i@sun.com,96.86.171.192,Stercorarius longicausus
344,Nikola,Gaythorpe,ngaythorpe9j@cam.ac.uk,104.37.144.199,Canis lupus lycaon
345,Hyacinthia,Matuskiewicz,hmatuskiewicz9k@taobao.com,54.164.51.177,Lutra canadensis
346,Mata,Angeau,mangeau9l@discuz.net,252.141.136.72,Nucifraga columbiana
347,Kalil,Huggett,khuggett9m@cocolog-nifty.com,108.151.167.206,Naja haje
348,Karin,Littlechild,klittlechild9n@google.de,115.65.28.165,Manouria emys
349,Laetitia,Durran,ldurran9o@economist.com,152.150.25.49,Tragelaphus angasi
350,Tori,Samber,tsamber9p@odnoklassniki.ru,209.75.141.249,Felis silvestris lybica
351,Lidia,Filliskirk,lfilliskirk9q@weibo.com,156.15.183.133,Buteo jamaicensis
352,Loleta,Wiszniewski,lwiszniewski9r@printfriendly.com,220.76.200.132,Chauna torquata
353,Fergus,Caldes,fcaldes9s@photobucket.com,101.60.208.61,Manouria emys
354,Nichols,Cadell,ncadell9t@360.cn,32.183.123.50,Haliaetus vocifer
355,Anthony,Duddin,aduddin9u@google.com,176.217.169.145,Cyrtodactylus louisiadensis
356,Dyan,Phelan,dphelan9v@zdnet.com,59.218.129.200,Eolophus roseicapillus
357,Clem,Belsham,cbelsham9w@state.tx.us,182.152.187.104,Cyrtodactylus louisiadensis
358,Ulysses,Denslow,udenslow9x@posterous.com,194.54.61.108,Speothos vanaticus
359,Noni,Eckery,neckery9y@businessweek.com,141.179.172.78,Choloepus hoffmani
360,Esme,McDonnell,emcdonnell9z@xinhuanet.com,134.234.24.222,Carduelis uropygialis
361,Sandye,Pirouet,spiroueta0@tripod.com,7.108.88.45,Threskionis aethiopicus
362,Doe,Basili,dbasilia1@blinklist.com,68.252.47.207,Phasianus colchicus
363,Gennie,Claricoates,gclaricoatesa2@hexun.com,187.178.178.252,Gekko gecko
364,Howey,Christofol,hchristofola3@wikia.com,182.56.44.77,Varanus sp.
365,Lucio,Usmar,lusmara4@ebay.co.uk,156.207.68.7,Lybius torquatus
366,Greer,Shirlaw,gshirlawa5@baidu.com,208.23.20.151,Acridotheres tristis
367,Donella,Randle,drandlea6@uiuc.edu,182.103.71.241,Ciconia episcopus
368,Alexandros,Tiltman,atiltmana7@php.net,179.246.0.114,Butorides striatus
369,Gav,Wheeler,gwheelera8@last.fm,102.209.119.95,Bugeranus caruncalatus
370,Juliet,Kleen,jkleena9@friendfeed.com,51.63.121.174,Odocoilenaus virginianus
371,Caralie,Igo,cigoaa@hibu.com,158.228.17.44,Aonyx cinerea
372,Tallie,Macek,tmacekab@quantcast.com,105.4.96.53,Isoodon obesulus
373,Suki,Slessor,sslessorac@sun.com,27.20.119.51,Aonyx cinerea
374,Arlin,Brothwood,abrothwoodad@wikispaces.com,176.188.110.238,Eremophila alpestris
375,Mickey,Siney,msineyae@wikispaces.com,159.124.16.88,Pan troglodytes
376,Franchot,Joberne,fjoberneaf@xrea.com,92.207.238.244,Cyrtodactylus louisiadensis
377,Hilario,Anglim,hanglimag@homestead.com,112.102.88.9,Suricata suricatta
378,Vite,Harses,vharsesah@elpais.com,55.96.127.204,Isoodon obesulus
379,Burlie,Jehu,bjehuai@live.com,103.255.55.130,Dusicyon thous
380,Elsbeth,Hakey,ehakeyaj@admin.ch,219.21.220.226,Cebus nigrivittatus
381,Syman,Ingle,singleak@imdb.com,61.189.70.121,Equus burchelli
382,Koenraad,Yankin,kyankinal@skyrock.com,95.49.235.203,Tetracerus quadricornis
383,Lesly,Schonfelder,lschonfelderam@so-net.ne.jp,244.53.41.141,Pseudalopex gymnocercus
384,Berkly,Segrott,bsegrottan@dmoz.org,65.31.90.216,Taurotagus oryx
385,Mario,Kornyshev,mkornyshevao@stumbleupon.com,144.207.130.248,Tetracerus quadricornis
386,Issie,Widdowson,iwiddowsonap@goo.gl,197.167.49.162,Ictonyx striatus
387,Andriette,Maddox,amaddoxaq@edublogs.org,94.174.115.212,Hippopotamus amphibius
388,Tressa,Roller,trollerar@addtoany.com,91.221.46.177,Raphicerus campestris
389,Codie,Mattityahou,cmattityahouas@netscape.com,121.197.208.18,Bison bison
390,Remy,Bestman,rbestmanat@w3.org,189.169.197.214,Ara ararauna
391,Tarah,McGeagh,tmcgeaghau@reverbnation.com,84.50.143.67,Macropus robustus
392,Ansel,Filipponi,afilipponiav@printfriendly.com,108.151.213.233,Anastomus oscitans
393,Debra,Issitt,dissittaw@youtube.com,57.54.151.204,Eudromia elegans
394,Jinny,Wycherley,jwycherleyax@stanford.edu,128.91.10.15,Chelodina longicollis
395,Tracy,Igoe,tigoeay@sun.com,237.205.210.140,Papio ursinus
396,Dita,Rawll,drawllaz@lycos.com,59.118.38.111,Ara chloroptera
397,Cyrille,Ockwell,cockwellb0@alibaba.com,41.8.251.203,Ateles paniscus
398,Frayda,Knappe,fknappeb1@comcast.net,231.102.100.209,Varanus sp.
399,Anet,Gogerty,agogertyb2@washingtonpost.com,56.97.34.179,Balearica pavonina
400,Skyler,Giovannetti,sgiovannettib3@cam.ac.uk,181.215.168.39,Damaliscus dorcas
401,Galvan,Gale,ggaleb4@livejournal.com,88.110.128.32,Uraeginthus angolensis
402,Gay,Bleasby,gbleasbyb5@paypal.com,51.59.168.60,Boa caninus
403,Jorge,Simeonov,jsimeonovb6@booking.com,159.206.240.159,Melanerpes erythrocephalus
404,Donica,Braganca,dbragancab7@zimbio.com,40.55.197.254,Passer domesticus
405,Adela,Gregorowicz,agregorowiczb8@surveymonkey.com,169.204.185.225,Mellivora capensis
406,Moyra,Caldicott,mcaldicottb9@google.com,90.182.209.250,Eolophus roseicapillus
407,Richmond,Sidebotham,rsidebothamba@edublogs.org,198.4.193.33,Tachyglossus aculeatus
408,Cyndi,Oakenfull,coakenfullbb@vkontakte.ru,94.251.255.26,Tyto novaehollandiae
409,Margaretta,Amps,mampsbc@un.org,251.194.190.6,Canis dingo
410,Debee,MacRirie,dmacririebd@nbcnews.com,184.207.66.203,Antilope cervicapra
411,Cathryn,Probbin,cprobbinbe@umn.edu,15.115.58.93,Streptopelia senegalensis
412,Tedra,Wootton,twoottonbf@youku.com,232.223.95.31,Oncorhynchus nerka
413,Gerianne,Fatkin,gfatkinbg@exblog.jp,251.1.83.206,Cereopsis novaehollandiae
414,Dannie,Scotchmoor,dscotchmoorbh@google.de,53.213.219.28,Estrilda erythronotos
415,Danny,Salliss,dsallissbi@jugem.jp,1.28.147.156,Semnopithecus entellus
416,Pavel,Starbuck,pstarbuckbj@shop-pro.jp,141.62.17.6,Cebus albifrons
417,Ruddy,Matzkaitis,rmatzkaitisbk@google.fr,184.183.250.24,Climacteris melanura
418,Duky,Slocket,dslocketbl@myspace.com,20.10.179.234,Papio cynocephalus
419,Sharron,Middle,smiddlebm@patch.com,190.204.160.179,Dendrohyrax brucel
420,Aubert,Blackater,ablackaterbn@bloglovin.com,15.168.64.87,Tragelaphus angasi
421,Caryn,Baron,cbaronbo@epa.gov,179.133.226.202,Coracias caudata
422,Brooks,Degg,bdeggbp@a8.net,157.166.88.58,Acanthaster planci
423,Mariam,Rendall,mrendallbq@chronoengine.com,235.149.153.133,Acrobates pygmaeus
424,Karalynn,Buret,kburetbr@youtu.be,227.106.20.74,Speotyte cuniculata
425,Shirleen,Housecroft,shousecroftbs@cpanel.net,243.253.242.9,Actophilornis africanus
426,Bren,Flippini,bflippinibt@wikipedia.org,10.219.122.162,Trichosurus vulpecula
427,Alfonse,Strongitharm,astrongitharmbu@liveinternet.ru,158.159.239.121,Pteronura brasiliensis
428,Shara,Brushneen,sbrushneenbv@vinaora.com,149.120.11.116,Felis caracal
429,Hilde,Olek,holekbw@dailymail.co.uk,189.43.238.239,Bassariscus astutus
430,Lowrance,Dowall,ldowallbx@w3.org,27.202.208.95,Gyps bengalensis
431,Lilas,Thorogood,lthorogoodby@ask.com,96.200.213.65,Vanellus chilensis
432,Elvira,Ridgway,eridgwaybz@google.de,193.130.235.127,Lorythaixoides concolor
433,Lauren,Gostick,lgostickc0@networkadvertising.org,44.52.24.26,Chionis alba
434,Eli,Bubbins,ebubbinsc1@chron.com,99.163.235.137,Macropus rufogriseus
435,Javier,Beane,jbeanec2@51.la,201.61.9.235,Eurocephalus anguitimens
436,Jerad,Ide,jidec3@scientificamerican.com,110.0.162.87,Uraeginthus granatina
437,Nelly,Harper,nharperc4@google.co.uk,180.58.243.233,Aepyceros mylampus
438,Leigha,Rafe,lrafec5@nasa.gov,199.248.40.233,Agouti paca
439,Barbie,Karys,bkarysc6@etsy.com,219.197.106.181,Podargus strigoides
440,Calli,Torpie,ctorpiec7@woothemes.com,154.250.167.2,Plectopterus gambensis
441,Alisun,Faux,afauxc8@latimes.com,246.125.52.141,Myiarchus tuberculifer
442,Jarrid,Stoving,jstovingc9@ca.gov,128.133.94.212,Sciurus vulgaris
443,Eolanda,Lofts,eloftsca@ftc.gov,168.44.11.223,Anhinga rufa
444,Dewain,Crowder,dcrowdercb@apache.org,110.253.207.209,Mephitis mephitis
445,Ermina,Duffyn,eduffyncc@quantcast.com,172.9.120.60,Agelaius phoeniceus
446,Mohammed,Tustin,mtustincd@moonfruit.com,164.100.130.113,Felis concolor
447,Judon,Weavill,jweavillce@java.com,243.16.118.217,Cracticus nigroagularis
448,Brent,Bamlett,bbamlettcf@wunderground.com,38.70.127.77,Felis caracal
449,Hayden,Grinval,hgrinvalcg@istockphoto.com,15.251.97.106,Gazella granti
450,Tobye,Dethloff,tdethloffch@mapquest.com,104.32.238.22,Semnopithecus entellus
451,Elonore,Leward,elewardci@biblegateway.com,59.117.179.175,Cacatua galerita
452,Candie,Trelease,ctreleasecj@free.fr,216.191.40.160,Crotalus cerastes
453,Farley,Hebdon,fhebdonck@wufoo.com,208.237.182.255,Catharacta skua
454,Zorah,Calbreath,zcalbreathcl@youtube.com,111.96.20.107,Rangifer tarandus
455,Winifield,Kollach,wkollachcm@spotify.com,131.142.90.223,Plectopterus gambensis
456,Berton,Cauthra,bcauthracn@unc.edu,115.13.95.231,Canis mesomelas
457,Rob,Apfel,rapfelco@nsw.gov.au,142.89.92.124,Anas platyrhynchos
458,Lu,Hastewell,lhastewellcp@twitpic.com,234.88.225.229,Choloepus hoffmani
459,Marijn,Handman,mhandmancq@aboutads.info,44.253.132.137,Boselaphus tragocamelus
460,Faye,Fenck,ffenckcr@intel.com,62.252.30.238,Limosa haemastica
461,Tabbatha,Vokes,tvokescs@fastcompany.com,224.14.130.178,Dendrocitta vagabunda
462,Ki,Dolby,kdolbyct@comsenz.com,40.111.25.0,Ovis musimon
463,Ivan,Pfeuffer,ipfeuffercu@senate.gov,156.16.104.174,Oxybelis sp.
464,Timi,Caunt,tcauntcv@wunderground.com,225.130.84.241,Speotyte cuniculata
465,Jamil,Giercke,jgierckecw@nsw.gov.au,202.48.243.230,Halcyon smyrnesis
466,Dulsea,Cleft,dcleftcx@accuweather.com,58.167.247.105,Herpestes javanicus
467,Joey,Skingle,jskinglecy@livejournal.com,238.34.45.159,Haliaetus leucogaster
468,Eveleen,Greenhouse,egreenhousecz@dell.com,119.34.121.95,Ammospermophilus nelsoni
469,Rici,Devonport,rdevonportd0@bravesites.com,67.32.96.186,Anser anser
470,Lawrence,Tesyro,ltesyrod1@ocn.ne.jp,104.134.229.192,Dasyurus maculatus
471,Nancee,Biggadyke,nbiggadyked2@about.com,188.42.120.38,Mirounga leonina
472,Dolf,Skym,dskymd3@t-online.de,215.209.88.207,unavailable
473,Karyl,Burry,kburryd4@webmd.com,24.198.167.209,Merops sp.
474,Jennica,Maytom,jmaytomd5@live.com,166.222.26.106,Phoeniconaias minor
475,Lynn,Stang-Gjertsen,lstanggjertsend6@oakley.com,240.82.202.14,Otaria flavescens
476,Augustine,Eppson,aeppsond7@themeforest.net,104.27.10.153,Connochaetus taurinus
477,Cathi,Glasspoole,cglasspooled8@bloglovin.com,113.142.57.194,Ephipplorhynchus senegalensis
478,Alfi,Nyles,anylesd9@nymag.com,63.160.203.92,Colobus guerza
479,Terry,Abotson,tabotsonda@naver.com,138.88.117.9,Ourebia ourebi
480,Ynes,Dofty,ydoftydb@booking.com,15.0.225.177,Dipodomys deserti
481,Trixi,Bloy,tbloydc@odnoklassniki.ru,23.151.212.225,Macropus robustus
482,Thekla,Sawell,tsawelldd@businesswire.com,173.92.133.153,Hyaena hyaena
483,Augy,Knapman,aknapmande@livejournal.com,11.119.60.33,Lemur fulvus
484,Oberon,Dryden,odrydendf@w3.org,68.8.231.13,Paroaria gularis
485,Bernete,Lomas,blomasdg@weebly.com,214.9.77.248,Galago crassicaudataus
486,Ethyl,Elbourne,eelbournedh@wiley.com,212.205.11.201,Amblyrhynchus cristatus
487,Trenton,Elph,telphdi@com.com,98.161.222.78,Phascolarctos cinereus
488,Engelbert,Caddan,ecaddandj@jugem.jp,149.2.236.102,Acrantophis madagascariensis
489,Hedwiga,Farrand,hfarranddk@sitemeter.com,37.184.154.132,Bradypus tridactylus
490,Allayne,Leinster,aleinsterdl@themeforest.net,36.25.52.69,Ovis musimon
491,Phillie,Kubecka,pkubeckadm@nbcnews.com,155.210.147.213,Meleagris gallopavo
492,Pearline,Sabban,psabbandn@buzzfeed.com,193.180.70.23,Herpestes javanicus
493,Yankee,Durram,ydurramdo@51.la,104.139.243.13,Cereopsis novaehollandiae
494,Talbert,Bumpus,tbumpusdp@plala.or.jp,192.220.2.174,Junonia genoveua
495,Sunshine,Hogbin,shogbindq@artisteer.com,184.16.121.171,Leipoa ocellata
496,Adolph,Gommey,agommeydr@51.la,199.229.174.126,Rhea americana
497,Vilma,Firle,vfirleds@360.cn,108.47.99.149,Bubalornis niger
498,Dorothy,O'Noland,donolanddt@illinois.edu,251.26.140.202,Paraxerus cepapi
499,Eden,Calleja,ecallejadu@irs.gov,132.126.30.140,Alces alces
500,August,Reynold,areynolddv@cnbc.com,21.190.127.58,Manouria emys
501,Osborn,Gregorin,ogregorindw@marketwatch.com,179.91.219.0,Mirounga leonina
502,Joanna,Bushell,jbushelldx@sciencedaily.com,227.155.167.139,Nyctanassa violacea
503,Mirabel,Hoble,mhobledy@xrea.com,131.156.233.241,Felis concolor
504,Tuesday,Kingdon,tkingdondz@fastcompany.com,96.254.61.152,Felis concolor
505,Alden,Pyrton,apyrtone0@sciencedirect.com,235.1.145.115,Phasianus colchicus
506,Gearalt,Biskupski,gbiskupskie1@guardian.co.uk,247.31.106.183,Phalaropus fulicarius
507,Kristofer,Batisse,kbatissee2@people.com.cn,209.62.200.126,Estrilda erythronotos
508,Sabina,Kelleher,skellehere3@youtu.be,114.87.74.251,Phascogale tapoatafa
509,Jenine,Fulker,jfulkere4@reference.com,214.180.84.131,Tachybaptus ruficollis
510,Sean,Drinkwater,sdrinkwatere5@xinhuanet.com,175.134.212.217,Corvus albicollis
511,Neel,Levick,nlevicke6@kickstarter.com,175.35.114.136,Gymnorhina tibicen
512,Bobbe,Wafer,bwafere7@zimbio.com,67.122.165.116,Cereopsis novaehollandiae
513,Clayborne,Gallichiccio,cgallichiccioe8@unblog.fr,24.221.236.220,Larus sp.
514,Rennie,Heigho,rheighoe9@latimes.com,23.138.87.223,Hymenolaimus malacorhynchus
515,Parry,Deadman,pdeadmanea@nhs.uk,9.113.173.76,Rhea americana
516,Arthur,Yurkin,ayurkineb@ed.gov,133.77.12.231,Macropus agilis
517,Anallese,McIan,amcianec@ifeng.com,251.232.213.127,Tursiops truncatus
518,Mallissa,Domonkos,mdomonkosed@lycos.com,190.65.1.36,Bos mutus
519,Felicio,Gravet,fgravetee@sbwire.com,23.52.134.236,Ratufa indica
520,Myles,Hoult,mhoultef@japanpost.jp,146.185.110.148,Gabianus pacificus
521,Cora,Dinsell,cdinselleg@cyberchimps.com,16.42.81.68,Papio cynocephalus
522,Lina,Ollerenshaw,lollerenshaweh@google.cn,159.167.1.110,Capreolus capreolus
523,Galen,Linklet,glinkletei@plala.or.jp,112.118.158.2,Bucorvus leadbeateri
524,Charlotte,Steeden,csteedenej@4shared.com,80.42.175.233,Grus canadensis
525,Mischa,Gallyhaock,mgallyhaockek@sogou.com,156.103.14.160,Dasyurus viverrinus
526,Poul,Gallety,pgalletyel@youku.com,126.86.35.232,Anas punctata
527,Maryellen,Edgcumbe,medgcumbeem@salon.com,73.251.26.43,Coendou prehensilis
528,Madalyn,Trenoweth,mtrenowethen@mlb.com,89.208.43.155,Cordylus giganteus
529,Costa,Enrdigo,cenrdigoeo@mysql.com,188.31.165.137,Callorhinus ursinus
530,Barrie,Kamall,bkamallep@irs.gov,152.17.42.111,Junonia genoveua
531,Deane,Bendan,dbendaneq@java.com,51.93.90.122,Corvus brachyrhynchos
532,Etti,West-Frimley,ewestfrimleyer@wikia.com,46.233.113.96,Mycteria leucocephala
533,Morton,Stebbins,mstebbinses@toplist.cz,79.102.0.75,Pteronura brasiliensis
534,Luigi,Ullock,lullocket@nyu.edu,3.106.60.184,Spermophilus parryii
535,Georgi,Vidyapin,gvidyapineu@biglobe.ne.jp,217.47.216.177,Toxostoma curvirostre
536,Pammi,Pummell,ppummellev@berkeley.edu,2.236.191.129,Oncorhynchus nerka
537,Denyse,Mithun,dmithunew@seattletimes.com,110.35.166.136,Phascogale calura
538,Toddie,Brunke,tbrunkeex@xinhuanet.com,183.9.45.154,Oxybelis sp.
539,Nathan,Angric,nangricey@drupal.org,254.227.97.229,Phacochoerus aethiopus
540,Harlene,Atty,hattyez@sitemeter.com,174.137.144.253,Ceryle rudis
541,Lyssa,Kerr,lkerrf0@sun.com,29.248.179.19,Sceloporus magister
542,Nerita,Cattroll,ncattrollf1@aboutads.info,222.137.40.82,Petaurus norfolcensis
543,Wenonah,Rolfe,wrolfef2@behance.net,182.26.8.180,Anastomus oscitans
544,Beverlee,Wroe,bwroef3@java.com,65.214.56.38,Varanus sp.
545,Onida,Shortall,oshortallf4@usgs.gov,87.161.116.1,Phoca vitulina
546,Phaedra,Mackleden,pmackledenf5@moonfruit.com,65.65.110.21,Ardea cinerea
547,Hastie,Ludovico,hludovicof6@oakley.com,185.23.199.42,Macropus parryi
548,Heida,Stubbin,hstubbinf7@scientificamerican.com,149.142.100.75,Meleagris gallopavo
549,Thedric,Agastina,tagastinaf8@gnu.org,113.239.52.200,Alectura lathami
550,Adriane,Yabsley,ayabsleyf9@surveymonkey.com,55.140.11.135,Manouria emys
551,Thom,Scamwell,tscamwellfa@mediafire.com,228.207.217.164,Anathana ellioti
552,Damaris,Demange,ddemangefb@craigslist.org,144.98.30.97,Physignathus cocincinus
553,Kerrill,McTrustrie,kmctrustriefc@sciencedirect.com,53.86.153.194,Choriotis kori
554,Tanya,Ughetti,tughettifd@slashdot.org,142.213.110.49,Junonia genoveua
555,Mortimer,Fransseni,mfranssenife@fema.gov,236.4.90.224,Corythornis cristata
556,Elsey,Brough,ebroughff@a8.net,124.24.98.237,Papio cynocephalus
557,Maurits,Radclyffe,mradclyffefg@about.me,176.176.135.159,Alcelaphus buselaphus caama
558,Eadith,Burgane,eburganefh@sakura.ne.jp,248.252.29.145,Melursus ursinus
559,Harlin,Oseland,hoselandfi@last.fm,102.245.16.189,Dasypus septemcincus
560,Aggi,Kynforth,akynforthfj@kickstarter.com,222.192.61.228,Acridotheres tristis
561,Boigie,Guidotti,bguidottifk@bbb.org,250.252.103.0,Lycosa godeffroyi
562,Bevan,McGloughlin,bmcgloughlinfl@amazon.de,228.98.149.178,Leipoa ocellata
563,Rosita,Dragge,rdraggefm@devhub.com,12.111.228.219,Acrobates pygmaeus
564,Marybelle,Hebburn,mhebburnfn@newsvine.com,178.115.116.26,Neophoca cinerea
565,Ruby,Oliveira,roliveirafo@gov.uk,116.41.253.29,unavailable
566,Penny,de Guise,pdeguisefp@tumblr.com,34.176.130.90,Trachyphonus vaillantii
567,Kalvin,Lenox,klenoxfq@furl.net,2.248.100.115,Erinaceus frontalis
568,Bruis,Wycherley,bwycherleyfr@myspace.com,7.22.213.128,Threskionis aethiopicus
569,Corilla,Daintry,cdaintryfs@sfgate.com,185.213.113.205,Agelaius phoeniceus
570,Devon,Scupham,dscuphamft@youtu.be,86.90.145.250,Haematopus ater
571,Lynnell,Goodlett,lgoodlettfu@cbc.ca,45.39.38.183,Macropus fuliginosus
572,Agnese,McBeith,amcbeithfv@hud.gov,21.153.198.180,Toxostoma curvirostre
573,Elladine,Headrick,eheadrickfw@businesswire.com,217.48.74.118,Drymarchon corias couperi
574,Ellissa,Chapling,echaplingfx@bloomberg.com,250.66.171.251,Lamprotornis superbus
575,Nataline,Smyth,nsmythfy@altervista.org,18.130.164.163,Phoenicopterus ruber
576,Chaim,Ivanchov,civanchovfz@shinystat.com,29.190.89.93,Hippotragus equinus
577,Theodor,Vinter,tvinterg0@marketwatch.com,140.244.151.137,Pan troglodytes
578,Eloisa,Georgelin,egeorgeling1@wisc.edu,104.106.135.212,Ammospermophilus nelsoni
579,Peirce,Poure,ppoureg2@disqus.com,220.104.191.172,Picoides pubescens
580,Cyndie,Enever,ceneverg3@dedecms.com,220.206.150.245,Thylogale stigmatica
581,Reta,MacPaden,rmacpadeng4@wikia.com,64.27.77.161,Otaria flavescens
582,Phoebe,MacKegg,pmackeggg5@altervista.org,177.34.255.205,Chelodina longicollis
583,Lulu,Buxy,lbuxyg6@bloglovin.com,21.247.13.110,Anastomus oscitans
584,Kariotta,Neenan,kneenang7@twitter.com,63.41.120.113,Ciconia episcopus
585,Wyndham,Crosgrove,wcrosgroveg8@sohu.com,2.158.129.75,Potos flavus
586,Holt,Verner,hvernerg9@japanpost.jp,91.149.89.19,Madoqua kirkii
587,Prince,Petrakov,ppetrakovga@feedburner.com,47.226.159.19,Hystrix cristata
588,Sybille,Hearnshaw,shearnshawgb@vinaora.com,253.53.189.63,Lepus townsendii
589,Leicester,Goulthorp,lgoulthorpgc@jigsy.com,148.62.113.215,Bradypus tridactylus
590,Maudie,Maguire,mmaguiregd@blinklist.com,171.237.21.208,Sauromalus obesus
591,Sarita,Vinnick,svinnickge@amazon.co.jp,195.9.219.161,Chauna torquata
592,Rachael,Durston,rdurstongf@squarespace.com,119.85.67.104,Alcelaphus buselaphus cokii
593,Felice,Shilliday,fshillidaygg@delicious.com,104.148.191.29,Cynictis penicillata
594,Bianka,Reuben,breubengh@clickbank.net,178.22.181.159,Tauraco porphyrelophus
595,Montague,Rhubottom,mrhubottomgi@hhs.gov,219.87.179.183,Leprocaulinus vipera
596,Katya,Napier,knapiergj@omniture.com,57.219.3.51,Felis libyca
597,Bordy,Fulton,bfultongk@dion.ne.jp,199.150.96.255,Anitibyx armatus
598,Peggie,Domelaw,pdomelawgl@shutterfly.com,134.207.61.206,Climacteris melanura
599,Kaye,MacIlhagga,kmacilhaggagm@nbcnews.com,165.88.206.154,Lutra canadensis
600,Marris,Carde,mcardegn@altervista.org,153.199.15.138,unavailable
601,Talia,Goneau,tgoneaugo@usgs.gov,68.236.133.57,Felis silvestris lybica
602,Agretha,De La Salle,adelasallegp@cnn.com,67.128.156.116,Tachyglossus aculeatus
603,Morry,Leedes,mleedesgq@ezinearticles.com,47.148.192.108,Canis mesomelas
604,Maybelle,Brummell,mbrummellgr@surveymonkey.com,200.2.220.201,Sceloporus magister
605,Isabelle,Stitle,istitlegs@baidu.com,75.199.224.82,Pseudocheirus peregrinus
606,Vinny,Heatly,vheatlygt@jigsy.com,121.192.108.9,unavailable
607,Vilhelmina,Jakubowicz,vjakubowiczgu@theguardian.com,44.220.14.172,Ictalurus furcatus
608,Elianora,Hrynczyk,ehrynczykgv@blogspot.com,75.191.123.244,Streptopelia decipiens
609,Arnoldo,Chern,acherngw@wikipedia.org,173.244.83.163,Columba palumbus
610,Anthony,Pellissier,apellissiergx@forbes.com,162.236.135.106,Pelecans onocratalus
611,Kordula,Inglis,kinglisgy@odnoklassniki.ru,50.163.127.132,Grus rubicundus
612,Stace,Cresswell,scresswellgz@bbb.org,223.240.94.101,Sciurus vulgaris
613,Barclay,Marzella,bmarzellah0@ezinearticles.com,46.22.248.53,Oryx gazella
614,Nanon,Dowry,ndowryh1@cornell.edu,0.246.227.242,Junonia genoveua
615,Mercy,Saxby,msaxbyh2@digg.com,61.109.164.87,Iguana iguana
616,Kaylee,Blethyn,kblethynh3@illinois.edu,187.85.222.189,Arctogalidia trivirgata
617,Giralda,Titmus,gtitmush4@eventbrite.com,234.146.186.87,Ardea golieth
618,Huntington,Ballin,hballinh5@ucla.edu,71.69.183.223,Madoqua kirkii
619,Drew,Brisson,dbrissonh6@mtv.com,182.225.41.241,Neotis denhami
620,Nikolaus,Perkinson,nperkinsonh7@mtv.com,81.155.92.233,Recurvirostra avosetta
621,Chanda,Ogelsby,cogelsbyh8@discovery.com,77.249.220.26,Felis silvestris lybica
622,Lacee,Haythornthwaite,lhaythornthwaiteh9@biglobe.ne.jp,75.16.48.244,Junonia genoveua
623,Tiffany,Martello,tmartelloha@adobe.com,169.250.150.157,Prionace glauca
624,Florry,Ricardet,fricardethb@goo.gl,100.155.202.93,Sauromalus obesus
625,Janela,Jouning,jjouninghc@mtv.com,19.45.252.61,Sciurus niger
626,Otes,Banishevitz,obanishevitzhd@wix.com,89.31.44.7,Aonyx capensis
627,Talya,Voyce,tvoycehe@shinystat.com,218.231.12.252,Sterna paradisaea
628,Othilie,Zohrer,ozohrerhf@virginia.edu,67.229.130.140,Papio cynocephalus
629,Lanna,Scrivenor,lscrivenorhg@java.com,135.22.234.248,Castor fiber
630,Jermaine,Duer,jduerhh@google.es,124.16.210.100,Pitangus sulphuratus
631,Marcella,Koschek,mkoschekhi@ifeng.com,247.47.133.183,Colobus guerza
632,El,Gouldthorpe,egouldthorpehj@over-blog.com,108.36.233.216,Aegypius tracheliotus
633,Marjy,Johns,mjohnshk@last.fm,157.72.211.131,Connochaetus taurinus
634,Gustavo,Haddrill,ghaddrillhl@statcounter.com,51.117.246.204,Corallus hortulanus cooki
635,Virge,Maven,vmavenhm@theatlantic.com,32.157.250.208,Melanerpes erythrocephalus
636,Billie,Harlowe,bharlowehn@dropbox.com,39.219.55.37,Lamprotornis superbus
637,Lyndsie,Sliman,lslimanho@artisteer.com,248.0.139.42,Pteronura brasiliensis
638,Ardath,Girardot,agirardothp@yahoo.co.jp,67.47.68.20,Butorides striatus
639,Gusti,Ferrarotti,gferrarottihq@myspace.com,14.13.92.202,Junonia genoveua
640,Guthrie,Kuller,gkullerhr@blogspot.com,150.149.89.40,Ara chloroptera
641,Nilson,Allkins,nallkinshs@moonfruit.com,10.216.59.101,Procyon cancrivorus
642,Elwira,Canario,ecanarioht@soundcloud.com,150.72.27.147,Hyaena hyaena
643,Elisabet,Anneslie,eannesliehu@g.co,26.81.137.138,Ephipplorhynchus senegalensis
644,Urbano,Cuthbertson,ucuthbertsonhv@amazon.co.jp,90.44.181.194,Acrantophis madagascariensis
645,Bernardo,Hallifax,bhallifaxhw@msu.edu,248.185.204.150,Bucephala clangula
646,Stanislas,Shalcras,sshalcrashx@cbc.ca,226.237.103.251,Melanerpes erythrocephalus
647,Alida,Stable,astablehy@nature.com,21.132.8.252,Pseudocheirus peregrinus
648,Oralla,Padilla,opadillahz@dell.com,215.182.156.160,Rhea americana
649,Boycey,Sentance,bsentancei0@vk.com,53.103.247.225,Chloephaga melanoptera
650,Alvis,Snazle,asnazlei1@economist.com,222.222.198.172,Aonyx capensis
651,Loy,Dibbin,ldibbini2@indiatimes.com,167.211.167.182,Crotalus cerastes
652,Armand,Boxell,aboxelli3@cnbc.com,225.19.211.26,Mabuya spilogaster
653,Iver,Reagan,ireagani4@fema.gov,70.240.158.184,Nectarinia chalybea
654,Donal,Cape,dcapei5@wiley.com,191.229.151.144,Tadorna tadorna
655,Shayne,MacPadene,smacpadenei6@sina.com.cn,144.43.37.41,Nucifraga columbiana
656,Thomasine,Osgardby,tosgardbyi7@webnode.com,248.218.132.245,Giraffe camelopardalis
657,Rozina,Josling,rjoslingi8@miitbeian.gov.cn,29.180.200.178,Phoca vitulina
658,Christean,Hymers,chymersi9@seattletimes.com,71.192.55.233,Mabuya spilogaster
659,Em,Cavalier,ecavalieria@1und1.de,122.148.53.56,Geochelone elegans
660,Sean,Trevear,strevearib@blinklist.com,206.254.0.88,Lutra canadensis
661,Roberto,Wimsett,rwimsettic@sourceforge.net,45.62.114.243,Globicephala melas
662,Birdie,Garcia,bgarciaid@clickbank.net,53.118.74.33,Iguana iguana
663,Lucita,Brash,lbrashie@gmpg.org,69.131.42.158,Naja nivea
664,Estel,Carlsson,ecarlssonif@dailymail.co.uk,195.181.189.29,Bubo virginianus
665,Cory,Terese,ctereseig@hubpages.com,202.30.146.217,Ephipplorhynchus senegalensis
666,Elie,Suddock,esuddockih@weebly.com,110.64.161.147,Boselaphus tragocamelus
667,Morly,Bereford,mberefordii@mapy.cz,210.142.78.110,Semnopithecus entellus
668,Mariam,Guilleton,mguilletonij@nydailynews.com,162.113.142.2,Sylvilagus floridanus
669,Reyna,Vasquez,rvasquezik@theguardian.com,40.244.219.8,Ratufa indica
670,Chrystel,Dudding,cduddingil@irs.gov,101.63.1.233,Trachyphonus vaillantii
671,Trueman,Jakubowski,tjakubowskiim@blog.com,5.109.228.159,Alopex lagopus
672,Malissia,Callander,mcallanderin@craigslist.org,76.190.25.216,Cynictis penicillata
673,Alon,Girsch,agirschio@jiathis.com,235.6.93.128,Larus novaehollandiae
674,Theodora,Branno,tbrannoip@yolasite.com,55.158.54.60,Ursus arctos
675,Glynn,Grigorio,ggrigorioiq@eventbrite.com,144.129.48.230,Macropus parryi
676,Esteban,Antonich,eantonichir@parallels.com,149.143.3.8,Cacatua galerita
677,Wendall,Cicculini,wcicculiniis@ow.ly,58.59.30.210,Carduelis pinus
678,Giffard,Caldecourt,gcaldecourtit@indiatimes.com,54.22.130.34,Oncorhynchus nerka
679,Kip,Dick,kdickiu@eventbrite.com,154.166.249.118,Zalophus californicus
680,Freddy,Gorhardt,fgorhardtiv@nymag.com,203.174.32.132,Alouatta seniculus
681,Kailey,Medlin,kmedliniw@1688.com,245.6.61.85,Paroaria gularis
682,Natasha,Netherclift,nnethercliftix@redcross.org,181.233.93.161,Terrapene carolina
683,Grenville,McKean,gmckeaniy@intel.com,107.18.137.78,Mungos mungo
684,Caesar,Riehm,criehmiz@unicef.org,107.253.111.140,Spizaetus coronatus
685,Seline,Whitcomb,swhitcombj0@shutterfly.com,85.241.101.128,Phalacrocorax niger
686,Arlie,Tertre,atertrej1@spiegel.de,129.243.28.188,Pavo cristatus
687,Honey,Argrave,hargravej2@psu.edu,158.45.245.145,Leptoptilos crumeniferus
688,Leontyne,Crut,lcrutj3@phpbb.com,206.218.132.44,Ciconia episcopus
689,Ethe,Lipsett,elipsettj4@blinklist.com,68.38.221.122,Hymenolaimus malacorhynchus
690,Osbourne,Duddy,oduddyj5@google.fr,67.101.3.236,Vulpes vulpes
691,Natal,Stennes,nstennesj6@macromedia.com,61.222.20.147,Butorides striatus
692,Celka,Maudling,cmaudlingj7@tamu.edu,141.255.82.76,Trachyphonus vaillantii
693,Selie,Sarvar,ssarvarj8@amazon.de,204.151.80.133,Meles meles
694,Gregoor,Dearle-Palser,gdearlepalserj9@hugedomains.com,155.119.137.175,Smithopsis crassicaudata
695,Johnette,Borchardt,jborchardtja@moonfruit.com,93.59.87.131,Eumetopias jubatus
696,Dilly,Bonds,dbondsjb@time.com,14.182.192.237,Colaptes campestroides
697,Alie,Plews,aplewsjc@biblegateway.com,57.55.186.255,Sagittarius serpentarius
698,Shaine,Hardan,shardanjd@facebook.com,107.153.113.251,Pseudocheirus peregrinus
699,Berton,Caze,bcazeje@java.com,156.1.0.84,Trichoglossus chlorolepidotus
700,Cybill,Wybern,cwybernjf@uiuc.edu,224.51.149.166,Trichoglossus chlorolepidotus
701,Brandy,Keeffe,bkeeffejg@weebly.com,173.106.84.235,Phalaropus lobatus
702,Erastus,Cotterel,ecottereljh@theglobeandmail.com,162.137.166.239,Prionace glauca
703,Ingemar,Heighton,iheightonji@arstechnica.com,24.173.130.187,Tragelaphus angasi
704,Leora,Tibalt,ltibaltjj@toplist.cz,203.227.84.99,Ursus americanus
705,Mariel,de Courcy,mdecourcyjk@google.fr,168.164.144.161,Terathopius ecaudatus
706,Giavani,Witherbed,gwitherbedjl@intel.com,45.171.172.68,Egretta thula
707,Tammy,Scay,tscayjm@booking.com,36.187.177.79,Panthera leo persica
708,Kristy,Tommis,ktommisjn@topsy.com,86.174.17.99,Motacilla aguimp
709,Luce,McOmish,lmcomishjo@chronoengine.com,176.177.155.254,Diomedea irrorata
710,Devon,Scarborough,dscarboroughjp@ask.com,238.182.250.106,Ammospermophilus nelsoni
711,Merwin,Origan,moriganjq@wp.com,21.118.247.170,Bison bison
712,Sibella,Milson,smilsonjr@cbslocal.com,10.42.113.213,Macaca fuscata
713,Genevra,Tolchard,gtolchardjs@deliciousdays.com,93.0.211.152,Macropus parryi
714,Padgett,Kleinhausen,pkleinhausenjt@livejournal.com,195.100.139.224,Libellula quadrimaculata
715,Olympie,Grigoriev,ogrigorievju@hibu.com,127.236.182.85,Cynictis penicillata
716,Brendan,Shillito,bshillitojv@usatoday.com,193.235.162.229,Bubo virginianus
717,Arlene,Luckhurst,aluckhurstjw@paypal.com,102.169.86.144,Myotis lucifugus
718,Alley,Mougenel,amougeneljx@gmpg.org,134.205.85.210,Dendrohyrax brucel
719,Armstrong,Grigson,agrigsonjy@walmart.com,218.2.206.255,Larus dominicanus
720,Alisun,Bayford,abayfordjz@ameblo.jp,188.116.129.42,Cygnus atratus
721,Maddy,Colebeck,mcolebeckk0@eventbrite.com,67.124.64.240,Microcebus murinus
722,Sherri,Jansson,sjanssonk1@buzzfeed.com,37.110.34.55,Orcinus orca
723,Sergent,Jiroutka,sjiroutkak2@unicef.org,252.7.6.232,Falco peregrinus
724,Lorita,Meldrum,lmeldrumk3@arstechnica.com,184.31.160.61,Anser caerulescens
725,Cathyleen,Deares,cdearesk4@wordpress.org,180.80.226.130,Pavo cristatus
726,Shurwood,Gosby,sgosbyk5@cisco.com,213.34.71.231,Pycnonotus nigricans
727,Natalya,Kupke,nkupkek6@blogs.com,38.84.111.14,Larus novaehollandiae
728,Sheri,Albers,salbersk7@bloglovin.com,97.230.17.20,Lamprotornis superbus
729,Dale,Mussilli,dmussillik8@umich.edu,28.48.1.118,Estrilda erythronotos
730,Opalina,Beavors,obeavorsk9@hexun.com,88.35.194.143,Colaptes campestroides
731,Ginelle,Bogart,gbogartka@nba.com,140.26.127.96,Cynictis penicillata
732,Shirley,Dioniso,sdionisokb@yolasite.com,145.173.191.41,Callorhinus ursinus
733,Taddeusz,Sherrott,tsherrottkc@miitbeian.gov.cn,15.25.226.49,Haematopus ater
734,Shirl,Paskins,spaskinskd@friendfeed.com,4.109.33.19,Bison bison
735,Meier,Ors,morske@biblegateway.com,69.189.194.182,Sterna paradisaea
736,Brooks,Mazey,bmazeykf@bing.com,24.245.245.159,Procyon lotor
737,Noe,Priestley,npriestleykg@chron.com,197.153.27.235,Chionis alba
738,Clotilda,Marquand,cmarquandkh@blogtalkradio.com,124.6.26.65,Estrilda erythronotos
739,Hasheem,Ambrosch,hambroschki@live.com,114.87.146.85,Rhabdomys pumilio
740,Donny,covino,dcovinokj@jiathis.com,237.5.10.92,Meleagris gallopavo
741,Flory,Langelay,flangelaykk@yolasite.com,73.21.217.46,Milvago chimachima
742,Bibbie,Willans,bwillanskl@trellian.com,16.13.105.154,Sagittarius serpentarius
743,Amabelle,Brickner,abricknerkm@odnoklassniki.ru,49.176.48.2,Felis concolor
744,Enrique,Woolfitt,ewoolfittkn@vkontakte.ru,173.157.116.255,Notechis semmiannulatus
745,Harman,Gier,hgierko@opera.com,229.49.24.133,Ploceus rubiginosus
746,Leland,Eydel,leydelkp@jalbum.net,62.148.13.43,Equus hemionus
747,Victoria,Scarffe,vscarffekq@mozilla.com,125.127.73.65,Geochelone elegans
748,Phyllis,Greatrakes,pgreatrakeskr@hexun.com,152.78.125.98,Hydrochoerus hydrochaeris
749,Inglis,Davydychev,idavydychevks@slate.com,235.219.98.122,Speothos vanaticus
750,Moselle,Petriello,mpetriellokt@usda.gov,157.186.153.240,Petaurus breviceps
751,Nerte,Coneybeare,nconeybeareku@fc2.com,94.49.0.123,unavailable
752,Fidela,Shoulder,fshoulderkv@spiegel.de,208.53.223.84,Dasyurus maculatus
753,Concordia,Cotterell,ccotterellkw@ameblo.jp,156.62.242.118,Smithopsis crassicaudata
754,Maximilianus,Brunnstein,mbrunnsteinkx@gizmodo.com,63.251.64.226,Varanus sp.
755,Lettie,Smythe,lsmytheky@phoca.cz,215.159.126.105,Trichosurus vulpecula
756,Demetris,Tolliday,dtollidaykz@wsj.com,238.37.138.56,unavailable
757,Boris,Teggin,btegginl0@techcrunch.com,35.164.63.186,Lama glama
758,Ophelia,Ledwich,oledwichl1@ted.com,63.238.157.139,Centrocercus urophasianus
759,Ysabel,Matushevich,ymatushevichl2@xrea.com,0.196.234.188,Phylurus milli
760,Hamlin,Drakard,hdrakardl3@networkadvertising.org,17.187.166.224,Ciconia episcopus
761,Garv,Tesmond,gtesmondl4@mysql.com,12.118.202.238,Phalacrocorax carbo
762,Kiah,Lindblom,klindbloml5@techcrunch.com,86.60.138.47,Streptopelia senegalensis
763,Bryana,Durbann,bdurbannl6@ezinearticles.com,189.77.181.237,Vulpes cinereoargenteus
764,Ulrich,Priddle,upriddlel7@bloglovin.com,56.55.68.87,Phascogale tapoatafa
765,Cody,Rowsell,crowselll8@army.mil,130.184.124.48,Xerus sp.
766,Efren,Alans,ealansl9@utexas.edu,149.87.23.209,Marmota monax
767,Ronda,Antonopoulos,rantonopoulosla@instagram.com,240.181.149.4,Centrocercus urophasianus
768,Leo,Churn,lchurnlb@google.com,234.197.147.198,Acridotheres tristis
769,Leeann,Loughrey,lloughreylc@example.com,146.211.51.202,Heloderma horridum
770,Regen,Chadburn,rchadburnld@columbia.edu,63.134.107.6,Lamprotornis nitens
771,Alanson,Levee,aleveele@sciencedaily.com,227.0.117.11,Dusicyon thous
772,Rana,Pladen,rpladenlf@miitbeian.gov.cn,126.225.37.126,Kobus leche robertsi
773,Jamie,Scotcher,jscotcherlg@goodreads.com,191.29.229.106,Dasypus novemcinctus
774,Linnet,Zanicchelli,lzanicchellilh@tinypic.com,134.241.201.62,Dasypus septemcincus
775,Elmer,Jellico,ejellicoli@ihg.com,56.185.152.87,Naja nivea
776,Brina,Dedrick,bdedricklj@europa.eu,201.232.21.253,Macaca nemestrina
777,Linn,Monsey,lmonseylk@hostgator.com,169.58.93.242,Cercopithecus aethiops
778,Norton,Mabbutt,nmabbuttll@freewebs.com,202.112.34.90,Columba palumbus
779,Irwinn,Scedall,iscedalllm@hc360.com,28.237.93.219,Iguana iguana
780,Gilligan,Mordecai,gmordecailn@senate.gov,108.97.75.127,Phalaropus lobatus
781,Bentley,Canti,bcantilo@loc.gov,95.43.177.162,Axis axis
782,Elisha,Warmisham,ewarmishamlp@themeforest.net,242.27.102.254,Macropus agilis
783,Jedediah,Beagley,jbeagleylq@fc2.com,217.171.81.42,Coendou prehensilis
784,Minor,Klejin,mklejinlr@constantcontact.com,246.160.45.23,Bassariscus astutus
785,Arthur,Halbeard,ahalbeardls@usgs.gov,109.164.2.97,Bos mutus
786,Lawrence,Colebourne,lcolebournelt@wordpress.org,71.48.178.185,Choloepus hoffmani
787,Ann-marie,Deevey,adeeveylu@loc.gov,0.2.219.169,Felis serval
788,Hube,Kertess,hkertesslv@dell.com,137.243.94.46,Eudyptula minor
789,Olivie,Constance,oconstancelw@narod.ru,211.174.220.20,Dendrohyrax brucel
790,Ernestus,Vasilchenko,evasilchenkolx@apache.org,231.102.32.173,Picoides pubescens
791,Jocelin,Riep,jrieply@ustream.tv,231.228.107.150,Spermophilus lateralis
792,Annetta,Spadollini,aspadollinilz@skyrock.com,114.38.25.15,Zenaida asiatica
793,Salvidor,Palfree,spalfreem0@cnet.com,223.170.78.136,Bettongia penicillata
794,Aretha,Ellif,aellifm1@army.mil,208.156.255.223,Nesomimus trifasciatus
795,Sephira,MacCarrick,smaccarrickm2@ameblo.jp,69.118.205.166,Sarcorhamphus papa
796,Bernette,Napton,bnaptonm3@liveinternet.ru,109.119.100.240,Amblyrhynchus cristatus
797,Lay,Monger,lmongerm4@statcounter.com,240.125.92.60,Cacatua tenuirostris
798,Taffy,Strutton,tstruttonm5@nih.gov,81.114.22.123,Galictis vittata
799,Nelie,Gisborne,ngisbornem6@amazon.co.jp,72.221.252.214,Axis axis
800,Constantin,Layman,claymanm7@photobucket.com,90.135.48.100,Sula dactylatra
801,Delores,Gypps,dgyppsm8@economist.com,57.132.200.232,Coluber constrictor
802,Marabel,Sharpous,msharpousm9@yelp.com,78.58.250.233,Tiliqua scincoides
803,Torrence,Castagnaro,tcastagnaroma@cisco.com,240.194.170.72,Cervus duvauceli
804,Erinn,Rayhill,erayhillmb@nymag.com,96.162.73.57,Odocoileus hemionus
805,Janeczka,Filipchikov,jfilipchikovmc@1688.com,68.198.41.72,Ceratotherium simum
806,Ernie,McAline,emcalinemd@reuters.com,39.245.132.74,Trichosurus vulpecula
807,Denver,Douch,ddouchme@smh.com.au,203.68.30.144,Leptoptilus dubius
808,Jobie,Heaford,jheafordmf@parallels.com,182.5.20.125,Cynomys ludovicianus
809,Sylvan,Wisam,swisammg@rakuten.co.jp,24.87.244.175,Eutamias minimus
810,Leontine,Boribal,lboribalmh@java.com,239.149.11.47,Phalacrocorax niger
811,Ralph,Nuschke,rnuschkemi@theguardian.com,165.30.166.248,Felis silvestris lybica
812,Beryl,Brandassi,bbrandassimj@answers.com,53.67.7.62,Charadrius tricollaris
813,Lock,Akrigg,lakriggmk@istockphoto.com,205.39.87.183,Papilio canadensis
814,Arvy,Beardwood,abeardwoodml@webs.com,58.129.253.192,Odocoileus hemionus
815,Leonanie,Van Son,lvansonmm@nasa.gov,86.10.18.191,Gyps fulvus
816,Barnett,Casol,bcasolmn@homestead.com,168.150.23.103,Platalea leucordia
817,Philippine,Picardo,ppicardomo@mozilla.org,207.233.238.194,Chlamydosaurus kingii
818,Lynea,Serot,lserotmp@topsy.com,44.181.115.34,Potorous tridactylus
819,Barton,Semorad,bsemoradmq@slate.com,182.32.192.249,Pytilia melba
820,Jelene,Marlow,jmarlowmr@wired.com,31.253.74.250,Lycosa godeffroyi
821,Faith,Render,frenderms@epa.gov,62.66.108.16,Bradypus tridactylus
822,Beatrisa,Sporle,bsporlemt@theguardian.com,31.188.104.207,Naja haje
823,Berna,Rockcliffe,brockcliffemu@sogou.com,179.8.134.6,Passer domesticus
824,Tibold,Delea,tdeleamv@shinystat.com,203.123.83.248,Zenaida galapagoensis
825,Chen,Norgate,cnorgatemw@netscape.com,73.166.224.158,unavailable
826,Domenic,Stoltz,dstoltzmx@ehow.com,63.17.50.62,Amphibolurus barbatus
827,Rosy,Labeuil,rlabeuilmy@google.com.hk,249.236.173.63,Nectarinia chalybea
828,Valeria,Zuanazzi,vzuanazzimz@nydailynews.com,237.176.120.204,Neophoca cinerea
829,Brigit,Downse,bdownsen0@timesonline.co.uk,98.156.156.192,Neophron percnopterus
830,Charlot,Spohrmann,cspohrmannn1@epa.gov,179.193.208.143,Priodontes maximus
831,Dulciana,Burnham,dburnhamn2@adobe.com,203.52.70.202,Herpestes javanicus
832,Daisie,Ravenscroft,dravenscroftn3@unicef.org,110.143.74.132,Elephas maximus bengalensis
833,Christan,Shiers,cshiersn4@creativecommons.org,88.239.144.201,Marmota flaviventris
834,Georas,McDougall,gmcdougalln5@sfgate.com,202.128.122.36,Anitibyx armatus
835,Ade,Alyutin,aalyutinn6@soundcloud.com,185.46.142.123,Gyps bengalensis
836,Godfry,Ewing,gewingn7@moonfruit.com,41.195.149.78,Corvus albicollis
837,Emlyn,Markie,emarkien8@youtu.be,225.79.253.0,Phasianus colchicus
838,Gearalt,Philot,gphilotn9@hatena.ne.jp,35.64.144.219,Hippotragus niger
839,Barthel,Sleaford,bsleafordna@webmd.com,31.54.238.4,Anhinga rufa
840,Howard,Fannon,hfannonnb@unicef.org,250.95.191.225,Mustela nigripes
841,Olympie,Greenlies,ogreenliesnc@shinystat.com,76.37.92.105,Ursus maritimus
842,Meagan,McGookin,mmcgookinnd@shop-pro.jp,192.26.240.214,unavailable
843,Austin,Kleinbaum,akleinbaumne@arizona.edu,213.74.15.209,Balearica pavonina
844,Elbert,Bream,ebreamnf@stanford.edu,236.145.207.124,Damaliscus dorcas
845,Kale,Guerreru,kguerrerung@csmonitor.com,215.215.46.36,Castor canadensis
846,Nat,Ryal,nryalnh@timesonline.co.uk,229.144.16.127,Phasianus colchicus
847,Kerrin,Bater,kbaterni@oaic.gov.au,110.91.44.251,Psophia viridis
848,Stephi,Groucock,sgroucocknj@stanford.edu,147.100.54.19,Procyon cancrivorus
849,Dionisio,Braker,dbrakernk@skype.com,188.203.78.8,Eubalaena australis
850,Hinze,Hitscher,hhitschernl@sciencedaily.com,163.4.126.117,Pitangus sulphuratus
851,Tom,Sherwen,tsherwennm@livejournal.com,41.255.60.39,Dusicyon thous
852,Rosina,Buggy,rbuggynn@youtu.be,235.101.79.210,Milvus migrans
853,Teresita,Hawley,thawleyno@seattletimes.com,106.253.190.25,Felis concolor
854,Emilia,Wheelband,ewheelbandnp@aboutads.info,70.254.203.138,Oryx gazella
855,Kizzee,Cavanagh,kcavanaghnq@google.co.uk,253.50.60.134,Tayassu pecari
856,Desdemona,Skellion,dskellionnr@cnet.com,24.168.110.5,Prionace glauca
857,Allard,Harland,aharlandns@senate.gov,123.114.181.46,Tragelaphus strepsiceros
858,Suzy,Whitter,swhitternt@businesswire.com,177.140.245.178,Catharacta skua
859,Karola,Sandwith,ksandwithnu@fastcompany.com,52.139.219.142,Rhea americana
860,Chadwick,Rojel,crojelnv@va.gov,176.154.140.164,Globicephala melas
861,Jilli,Kirkbright,jkirkbrightnw@tripadvisor.com,111.30.104.69,Larus dominicanus
862,Tremain,Janowicz,tjanowicznx@drupal.org,49.212.24.173,Buteo jamaicensis
863,Marlow,Fearne,mfearneny@ebay.co.uk,25.164.133.29,Coendou prehensilis
864,Twyla,Paler,tpalernz@bigcartel.com,153.80.185.15,Macaca mulatta
865,Colby,Harmon,charmono0@va.gov,224.176.120.36,Macropus fuliginosus
866,Mufi,Archley,marchleyo1@soup.io,72.145.174.236,Pelecanus conspicillatus
867,Clea,Camps,ccampso2@ftc.gov,225.12.47.112,Tetracerus quadricornis
868,Joseito,Spera,jsperao3@shareasale.com,160.122.11.12,Nyctea scandiaca
869,Tyler,Linde,tlindeo4@amazon.de,205.195.208.227,Cygnus buccinator
870,Dorthea,Muris,dmuriso5@wikia.com,209.85.138.197,Suricata suricatta
871,Lexy,Jardine,ljardineo6@mapy.cz,177.32.200.160,Zosterops pallidus
872,Gerald,Cisec,gciseco7@nature.com,159.198.42.198,Macropus fuliginosus
873,Glenine,Barltrop,gbarltropo8@creativecommons.org,43.24.186.85,Alouatta seniculus
874,Maisie,Frankiewicz,mfrankiewiczo9@parallels.com,199.133.220.39,Paraxerus cepapi
875,Llewellyn,Kilgrew,lkilgrewoa@sogou.com,139.155.121.42,Pitangus sulphuratus
876,Westleigh,Hulls,whullsob@washington.edu,214.64.68.158,unavailable
877,Flora,Forten,ffortenoc@weibo.com,118.77.149.83,Corvus albus
878,Remington,Pires,rpiresod@ocn.ne.jp,100.56.25.173,Merops nubicus
879,Gauthier,MacKeogh,gmackeoghoe@bluehost.com,189.161.172.118,Dasypus septemcincus
880,Farand,Clist,fclistof@sina.com.cn,50.11.235.251,Dolichitus patagonum
881,Trudy,Vallantine,tvallantineog@nydailynews.com,28.87.238.162,Gerbillus sp.
882,Rutherford,Joist,rjoistoh@alibaba.com,200.145.113.109,Funambulus pennati
883,Zaneta,Flarity,zflarityoi@123-reg.co.uk,46.134.57.155,Lamprotornis sp.
884,Dennet,Biever,dbieveroj@google.co.uk,8.88.57.142,Lycaon pictus
885,Trevor,Hamil,thamilok@about.me,6.152.176.43,Macaca mulatta
886,Roberto,Windley,rwindleyol@princeton.edu,8.131.253.241,Antidorcas marsupialis
887,Jaymie,Pawden,jpawdenom@deliciousdays.com,204.253.231.197,Milvus migrans
888,Reginauld,Ternouth,rternouthon@xing.com,57.7.184.181,Milvus migrans
889,Jacki,Bohin,jbohinoo@reference.com,104.89.104.43,Coluber constrictor foxii
890,Jehu,Hansley,jhansleyop@webnode.com,19.189.175.235,Herpestes javanicus
891,Taddeusz,Tuddall,ttuddalloq@upenn.edu,141.43.54.242,Pytilia melba
892,Vivien,Grinin,vgrininor@behance.net,90.7.103.204,Panthera pardus
893,Claus,Clemmow,cclemmowos@elpais.com,144.52.94.186,Snycerus caffer
894,Dasya,Hammer,dhammerot@seesaa.net,10.54.157.203,Sceloporus magister
895,Rosaleen,Beininck,rbeininckou@irs.gov,129.1.239.145,Macaca fuscata
896,Anthony,McParlin,amcparlinov@netlog.com,157.146.103.228,Pelecans onocratalus
897,Bert,Gainfort,bgainfortow@yahoo.co.jp,13.245.94.115,Chordeiles minor
898,Ephrem,Cotsford,ecotsfordox@loc.gov,16.60.95.242,Loxodonta africana
899,Dermot,Wyldish,dwyldishoy@tinyurl.com,230.91.210.80,Kobus defassa
900,Catarina,Duncan,cduncanoz@biblegateway.com,235.213.193.191,Odocoileus hemionus
901,Stacie,Galliver,sgalliverp0@gov.uk,111.226.255.205,Ciconia episcopus
902,Leanna,Cantero,lcanterop1@hibu.com,255.86.24.38,Macaca radiata
903,Allx,Von Welldun,avonwelldunp2@cnn.com,53.137.156.129,Mirounga leonina
904,Ario,Bullock,abullockp3@ocn.ne.jp,61.45.89.223,Heloderma horridum
905,Cynde,Ionnidis,cionnidisp4@google.com.hk,139.77.136.236,Cygnus buccinator
906,Corri,Dowyer,cdowyerp5@independent.co.uk,154.166.155.62,Choloepus hoffmani
907,Albert,Lahive,alahivep6@wikimedia.org,9.57.85.176,Climacteris melanura
908,Alfons,Botger,abotgerp7@facebook.com,231.180.68.168,Damaliscus dorcas
909,Jo ann,Oxbury,joxburyp8@lulu.com,214.43.169.150,Suricata suricatta
910,Rebe,Rubee,rrubeep9@slate.com,177.183.44.21,Bucephala clangula
911,Kermie,McGonigle,kmcgoniglepa@tiny.cc,105.93.116.49,Paraxerus cepapi
912,Mark,Rillatt,mrillattpb@over-blog.com,100.220.22.72,Choloepus hoffmani
913,Shanda,Eilles,seillespc@sfgate.com,100.168.182.28,Chordeiles minor
914,Tedman,Ashwin,tashwinpd@army.mil,128.110.86.114,Chelodina longicollis
915,Engracia,Urridge,eurridgepe@omniture.com,210.169.216.18,Vanellus sp.
916,Ezekiel,Fakes,efakespf@nasa.gov,63.194.150.135,Perameles nasuta
917,Kevan,Masic,kmasicpg@zimbio.com,127.186.115.93,Pelecans onocratalus
918,Matilda,Ferrero,mferreroph@irs.gov,233.148.75.199,Tadorna tadorna
919,Misti,Iglesia,miglesiapi@twitpic.com,35.161.75.240,Trachyphonus vaillantii
920,Cherrita,Veregan,cvereganpj@wikia.com,158.8.190.62,Eudyptula minor
921,Dusty,Ferrara,dferrarapk@cnet.com,243.181.37.252,Ephippiorhynchus mycteria
922,Frasier,Kimberley,fkimberleypl@hostgator.com,221.69.11.77,Antidorcas marsupialis
923,Griffith,Prester,gpresterpm@bloglovin.com,49.124.110.222,Tringa glareola
924,Garold,Fantini,gfantinipn@quantcast.com,83.151.134.152,Ctenophorus ornatus
925,Edita,Flockhart,eflockhartpo@4shared.com,11.152.192.125,Bison bison
926,Natty,Caton,ncatonpp@meetup.com,8.243.69.154,Zenaida galapagoensis
927,Mohammed,Rudham,mrudhampq@etsy.com,165.138.61.42,Galago crassicaudataus
928,Brook,Skym,bskympr@yale.edu,192.196.95.55,Cracticus nigroagularis
929,Sawyer,D'Alessandro,sdalessandrops@pbs.org,188.223.2.36,Ardea cinerea
930,Charity,Stinson,cstinsonpt@blogspot.com,140.166.9.126,Phalaropus lobatus
931,Theodoric,Dowzell,tdowzellpu@europa.eu,167.163.30.220,Erethizon dorsatum
932,Teresina,Seage,tseagepv@scientificamerican.com,163.203.57.210,Naja haje
933,Sanford,Manshaw,smanshawpw@oakley.com,199.47.43.4,Podargus strigoides
934,Cristine,Andrus,candruspx@prnewswire.com,120.148.145.107,Thamnolaea cinnmomeiventris
935,Liz,Wickendon,lwickendonpy@chicagotribune.com,28.79.65.130,Dacelo novaeguineae
936,Dwight,Josham,djoshampz@gnu.org,103.174.148.143,Varanus salvator
937,Maurizio,Delacourt,mdelacourtq0@webnode.com,112.107.82.242,Chloephaga melanoptera
938,Killie,Niece,knieceq1@unicef.org,83.72.9.181,Alouatta seniculus
939,Gaven,Tiesman,gtiesmanq2@newyorker.com,213.131.206.234,Ephipplorhynchus senegalensis
940,Quillan,Gaiter,qgaiterq3@google.ru,235.41.199.168,Anthropoides paradisea
941,Susi,Cuthbert,scuthbertq4@amazon.co.uk,117.249.71.116,Uraeginthus granatina
942,Evelyn,Filipiak,efilipiakq5@state.gov,75.250.151.172,Acridotheres tristis
943,Shea,McCaghan,smccaghanq6@cyberchimps.com,241.46.236.129,Felis caracal
944,Shepherd,Oyley,soyleyq7@booking.com,239.118.65.150,Dendrohyrax brucel
945,Louella,Allanby,lallanbyq8@ask.com,31.182.187.95,Naja nivea
946,Sioux,Escritt,sescrittq9@uol.com.br,16.61.91.61,Tyto novaehollandiae
947,Shauna,Petzolt,spetzoltqa@cafepress.com,58.8.89.130,Choloepus hoffmani
948,Traci,Wearn,twearnqb@prweb.com,151.12.32.102,Canis lupus
949,Rosmunda,Danilchev,rdanilchevqc@tripadvisor.com,250.254.39.240,Larus sp.
950,Weber,Mcwhinnie,wmcwhinnieqd@infoseek.co.jp,174.7.161.206,Boa constrictor mexicana
951,Conny,McCarrell,cmccarrellqe@netvibes.com,221.58.82.9,Gymnorhina tibicen
952,Charity,Malarkey,cmalarkeyqf@is.gd,107.113.206.56,Felis chaus
953,Dun,Edsell,dedsellqg@opensource.org,97.219.132.53,Rhea americana
954,Augustine,Beric,abericqh@miibeian.gov.cn,15.54.64.89,Ramphastos tucanus
955,Cally,Bryan,cbryanqi@google.es,173.242.200.166,Panthera leo persica
956,Borden,Moline,bmolineqj@bloglines.com,19.19.85.206,Crotalus cerastes
957,Peder,Reppaport,preppaportqk@mysql.com,41.64.37.221,Ceratotherium simum
958,Essy,Borer,eborerql@ucoz.com,129.119.146.223,Deroptyus accipitrinus
959,Raven,Bardsley,rbardsleyqm@yellowbook.com,49.204.161.148,Balearica pavonina
960,Conrade,Bruty,cbrutyqn@china.com.cn,13.231.107.126,Macropus eugenii
961,Gelya,Laban,glabanqo@mozilla.com,113.76.231.217,Naja haje
962,Boote,Bish,bbishqp@wix.com,12.243.7.99,Nasua narica
963,Carlen,Bowhey,cbowheyqq@weibo.com,1.102.224.36,Raphicerus campestris
964,Anneliese,Wiggam,awiggamqr@unesco.org,43.155.172.229,Cathartes aura
965,Justus,Tuny,jtunyqs@bloglines.com,164.57.136.184,Otocyon megalotis
966,Philomena,Sinnat,psinnatqt@bing.com,113.221.44.70,Gabianus pacificus
967,Marlie,Oby,mobyqu@1und1.de,126.99.103.19,Bubulcus ibis
968,Errol,Shoosmith,eshoosmithqv@mlb.com,162.53.91.180,Theropithecus gelada
969,Kerrill,Binnall,kbinnallqw@unblog.fr,87.109.200.78,Macropus robustus
970,Yurik,Lomasna,ylomasnaqx@va.gov,100.82.100.233,Odocoileus hemionus
971,Vonny,Jaslem,vjaslemqy@zimbio.com,19.103.112.164,Anthropoides paradisea
972,Gabie,Cadell,gcadellqz@cafepress.com,55.138.55.251,Francolinus coqui
973,Alla,Gong,agongr0@a8.net,139.11.237.134,Odocoileus hemionus
974,Andrea,Normaville,anormaviller1@discuz.net,144.193.138.243,Spilogale gracilis
975,Penrod,Gormley,pgormleyr2@goodreads.com,63.71.176.214,Gabianus pacificus
976,Violette,Skegg,vskeggr3@discovery.com,30.144.60.9,Madoqua kirkii
977,Atlante,Kilbey,akilbeyr4@telegraph.co.uk,169.194.100.140,Vanessa indica
978,Falkner,Geary,fgearyr5@opensource.org,34.160.140.0,Himantopus himantopus
979,Michelina,Demoge,mdemoger6@reuters.com,140.139.100.95,Coluber constrictor
980,Tobi,Sprules,tsprulesr7@accuweather.com,122.106.30.42,Pycnonotus nigricans
981,Christa,Conti,ccontir8@dailymotion.com,92.151.47.102,Kobus leche robertsi
982,Reginauld,Sibylla,rsibyllar9@google.fr,86.121.129.50,Lorythaixoides concolor
983,Shea,Probets,sprobetsra@over-blog.com,29.252.68.65,Plegadis ridgwayi
984,Cornell,Whapham,cwhaphamrb@51.la,33.112.169.62,Rangifer tarandus
985,Pier,Gourdon,pgourdonrc@businesswire.com,206.177.190.67,Leprocaulinus vipera
986,Nichols,Mayler,nmaylerrd@theguardian.com,80.140.66.241,Dasypus novemcinctus
987,Gilberta,Kupker,gkupkerre@vistaprint.com,166.179.159.129,Leptoptilus dubius
988,Marita,De la Yglesias,mdelayglesiasrf@guardian.co.uk,240.68.125.142,Ardea cinerea
989,Nady,Brabbs,nbrabbsrg@etsy.com,142.141.70.6,Vanellus chilensis
990,Janetta,Scrowson,jscrowsonrh@biglobe.ne.jp,182.4.225.168,Thamnolaea cinnmomeiventris
991,Madeleine,Dibley,mdibleyri@sourceforge.net,237.14.171.217,Ovis ammon
992,Jeanna,Petchey,jpetcheyrj@indiatimes.com,188.159.180.127,Dasypus septemcincus
993,Jsandye,Guillard,jguillardrk@mashable.com,180.3.136.60,Anathana ellioti
994,Sheff,Oldacres,soldacresrl@blogger.com,108.112.108.54,Agouti paca
995,Elisha,Kloss,eklossrm@ustream.tv,232.38.133.123,Meleagris gallopavo
996,Huntley,Vazquez,hvazquezrn@fema.gov,222.75.110.61,Pelecanus occidentalis
997,Friedrick,Ladbury,fladburyro@arizona.edu,171.35.228.38,Amphibolurus barbatus
998,Anatole,Felten,afeltenrp@vk.com,224.247.200.96,Isoodon obesulus
999,Emalee,Coules,ecoulesrq@japanpost.jp,191.181.164.160,Pandon haliaetus
1000,Breena,Sansbury,bsansburyrr@alibaba.com,55.235.40.83,Oxybelis fulgidus
