id,first_name,last_name,email,gender,ip_address
1,June,Joire,jjoire0@boston.com,Female,165.231.39.119
2,Jabez,Dybell,jdybell1@wiley.com,Genderfluid,127.22.132.43
3,Melosa,Hodgets,mhodgets2@ow.ly,Female,132.64.247.146
4,Lacee,Gostling,lgostling3@miitbeian.gov.cn,Female,157.14.49.88
5,Clarance,Roan,croan4@phoca.cz,Male,232.217.254.13
6,Westbrook,Pittford,wpittford5@cpanel.net,Genderfluid,101.186.122.32
7,Freida,Manntschke,fmanntschke6@patch.com,Genderfluid,46.101.49.22
8,Kora,Presnall,kpresnall7@disqus.com,Female,251.145.139.40
9,Hilliard,Whanstall,hwhanstall8@wired.com,Male,161.68.220.16
10,Linn,Plewright,lplewright9@csmonitor.com,Female,247.202.6.81
11,Rufus,Morigan,rmorigana@usatoday.com,Male,251.145.24.118
12,Karlis,Domleo,kdomleob@usgs.gov,Male,5.116.51.64
13,Ortensia,Matuska,omatuskac@163.com,Polygender,81.149.32.11
14,Dreddy,Wernham,dwernhamd@spiegel.de,Female,80.14.166.219
15,Vick,Sexty,vsextye@virginia.edu,Male,222.140.95.41
16,Lezlie,Mary,lmaryf@elegantthemes.com,Female,114.178.58.93
17,Gianni,Fletham,gflethamg@fda.gov,Male,37.67.56.190
18,Amii,Maw,amawh@ycombinator.com,Female,184.139.52.80
19,Lynsey,Lyford,llyfordi@tamu.edu,Female,208.171.178.56
20,Albrecht,Inder,ainderj@zimbio.com,Male,49.44.154.41
21,Winn,Collough,wcolloughk@blinklist.com,Male,43.177.25.242
22,Britteny,Martynov,bmartynovl@themeforest.net,Female,49.240.64.36
23,Jewelle,Rate,jratem@sbwire.com,Female,165.247.42.185
24,Penrod,McGreil,pmcgreiln@yahoo.com,Male,46.254.26.126
25,Marcelia,McIlreavy,mmcilreavyo@weather.com,Female,85.177.57.2
26,Anneliese,Fernan,afernanp@digg.com,Female,104.17.176.4
27,Fraze,Mapes,fmapesq@ihg.com,Male,122.90.186.215
28,Siusan,De Bernardi,sdebernardir@ifeng.com,Female,66.255.76.184
29,Marius,Hailwood,mhailwoods@kickstarter.com,Male,65.50.240.146
30,Irvine,Headrick,iheadrickt@si.edu,Male,26.230.121.21
31,Steven,Pepler,spepleru@istockphoto.com,Male,80.121.228.140
32,Carter,Giovanardi,cgiovanardiv@theatlantic.com,Male,95.86.152.129
33,Leora,Hellis,lhellisw@gnu.org,Female,122.119.44.2
34,Thurstan,Crowhurst,tcrowhurstx@e-recht24.de,Male,131.203.168.30
35,Bourke,Iacopini,biacopiniy@technorati.com,Non-binary,190.43.55.26
36,Neall,Novello,nnovelloz@ihg.com,Male,142.158.164.171
37,Juliann,Greendale,jgreendale10@yandex.ru,Female,37.81.183.134
38,Giffie,Ghione,gghione11@netlog.com,Male,36.84.221.130
39,Etan,Lyngsted,elyngsted12@ovh.net,Male,79.38.23.144
40,Case,Chesterfield,cchesterfield13@ibm.com,Male,9.34.117.102
41,Anastasia,Govenlock,agovenlock14@nbcnews.com,Female,78.239.242.202
42,Russ,Docksey,rdocksey15@psu.edu,Male,137.53.85.222
43,Godart,Soltan,gsoltan16@washington.edu,Male,74.100.194.252
44,Linell,Binne,lbinne17@census.gov,Female,90.154.6.39
45,Derrik,Gonzalvo,dgonzalvo18@ow.ly,Male,123.28.87.213
46,Perice,Gotch,pgotch19@addthis.com,Male,66.220.250.152
47,Sallee,Garrand,sgarrand1a@arstechnica.com,Female,80.4.32.194
48,Ryley,Oxx,roxx1b@shareasale.com,Male,244.66.167.153
49,Albert,O' Borne,aoborne1c@guardian.co.uk,Male,184.54.69.95
50,Bili,Parks,bparks1d@wikia.com,Female,233.12.243.149
51,Herold,Harold,hharold1e@amazon.co.uk,Male,53.43.193.131
52,Electra,Parncutt,eparncutt1f@dell.com,Female,8.83.56.52
53,Deloria,Aburrow,daburrow1g@usatoday.com,Female,0.121.52.225
54,Dorisa,Lemmer,dlemmer1h@opera.com,Non-binary,228.130.36.212
55,Marne,Pedycan,mpedycan1i@t-online.de,Female,129.64.85.66
56,Nicoline,Albarez,nalbarez1j@nhs.uk,Female,148.129.195.3
57,Darryl,O'Farris,dofarris1k@etsy.com,Male,67.240.33.204
58,Lawrence,Heitz,lheitz1l@cpanel.net,Male,75.24.103.180
59,Alfonse,Lorenzo,alorenzo1m@stumbleupon.com,Male,162.218.3.4
60,Cirstoforo,Petracci,cpetracci1n@blogspot.com,Male,255.135.174.106
61,Ancell,Retter,aretter1o@discovery.com,Polygender,38.204.228.145
62,Guntar,Ferrillio,gferrillio1p@businessinsider.com,Male,121.37.225.123
63,Koren,Crafter,kcrafter1q@mapquest.com,Female,184.64.43.25
64,Ninetta,Caghan,ncaghan1r@toplist.cz,Polygender,206.100.249.187
65,Brittne,Defau,bdefau1s@sitemeter.com,Female,192.69.172.29
66,Bjorn,Lanchberry,blanchberry1t@gravatar.com,Male,244.64.11.181
67,Traver,Dibson,tdibson1u@digg.com,Male,36.118.104.12
68,Averill,Gorsse,agorsse1v@multiply.com,Male,59.107.89.85
69,Nichols,MacPadene,nmacpadene1w@mlb.com,Male,221.128.244.230
70,Manny,Wilmore,mwilmore1x@quantcast.com,Male,79.140.110.135
71,Clayton,Oxherd,coxherd1y@myspace.com,Male,83.5.166.4
72,Ly,Klammt,lklammt1z@omniture.com,Male,154.242.160.56
73,Olga,Moulder,omoulder20@ca.gov,Female,220.126.185.48
74,Virginia,Danton,vdanton21@technorati.com,Female,49.224.99.88
75,Danila,Penrice,dpenrice22@sun.com,Female,26.13.121.190
76,Quinn,Varne,qvarne23@geocities.jp,Female,55.6.25.94
77,Haywood,Nevitt,hnevitt24@barnesandnoble.com,Male,158.238.241.114
78,Dolores,Meininking,dmeininking25@salon.com,Bigender,251.67.224.52
79,Wat,Mainz,wmainz26@jiathis.com,Male,174.173.190.137
80,Humfried,Showte,hshowte27@example.com,Male,68.211.124.197
81,Serene,Laven,slaven28@noaa.gov,Genderfluid,169.83.69.179
82,Nissy,Sutherington,nsutherington29@cyberchimps.com,Female,139.252.188.251
83,Tynan,Bullard,tbullard2a@mozilla.org,Male,144.232.21.57
84,Ilyssa,Domoney,idomoney2b@hugedomains.com,Female,33.182.69.214
85,Thibaut,Rallings,trallings2c@senate.gov,Genderfluid,70.250.18.187
86,Augusto,Michel,amichel2d@naver.com,Male,243.90.88.65
87,Giselbert,Pharro,gpharro2e@twitter.com,Male,214.183.143.13
88,Meggie,McBride,mmcbride2f@dell.com,Female,79.252.121.217
89,Kacie,Hagger,khagger2g@bloglines.com,Female,232.196.190.43
90,Darius,Donett,ddonett2h@narod.ru,Male,250.196.51.62
91,Yoko,Cartan,ycartan2i@taobao.com,Female,184.36.14.75
92,Carrie,Boyde,cboyde2j@skyrock.com,Female,65.30.146.6
93,Vivi,Patington,vpatington2k@cloudflare.com,Female,168.162.28.230
94,Charil,Dinsmore,cdinsmore2l@nytimes.com,Polygender,197.252.233.158
95,Freemon,Scay,fscay2m@infoseek.co.jp,Male,43.36.98.70
96,Kelley,Martinelli,kmartinelli2n@cbc.ca,Male,157.245.38.248
97,Abbye,Vase,avase2o@google.nl,Female,198.23.94.213
98,Beryl,Follows,bfollows2p@ihg.com,Female,226.241.27.151
99,Bride,Letch,bletch2q@pbs.org,Female,217.200.30.237
100,Constantine,Leyban,cleyban2r@google.co.jp,Female,11.251.72.138
101,Zaria,McCaster,zmccaster2s@unesco.org,Female,98.122.204.234
102,Dot,Orys,dorys2t@google.com.au,Female,212.26.0.110
103,Louise,Lamke,llamke2u@craigslist.org,Bigender,154.13.251.101
104,Brendin,Goodram,bgoodram2v@php.net,Male,45.98.241.42
105,Courtney,Tompkiss,ctompkiss2w@independent.co.uk,Female,26.246.142.118
106,Flossy,Chalfant,fchalfant2x@sciencedirect.com,Female,5.116.37.18
107,Maryanna,Dencs,mdencs2y@discuz.net,Female,207.82.122.239
108,Clemens,Townsley,ctownsley2z@va.gov,Male,156.138.114.169
109,Moore,Butfield,mbutfield30@baidu.com,Male,140.197.86.33
110,Lilian,Barnewall,lbarnewall31@vkontakte.ru,Female,165.18.7.197
111,Miguelita,Monteaux,mmonteaux32@usatoday.com,Female,245.220.140.175
112,Cherye,Peirone,cpeirone33@cocolog-nifty.com,Female,77.39.193.234
113,Faustina,Ramsier,framsier34@pagesperso-orange.fr,Female,58.137.61.45
114,Beauregard,Britten,bbritten35@so-net.ne.jp,Genderqueer,152.102.160.246
115,Myca,Pearch,mpearch36@nationalgeographic.com,Male,36.176.221.221
116,Isabelita,Cawthorne,icawthorne37@behance.net,Female,174.59.229.101
117,Starlin,Caw,scaw38@pen.io,Female,204.192.197.57
118,Kaine,Pea,kpea39@sun.com,Male,113.79.139.158
119,Filippo,Moan,fmoan3a@seesaa.net,Male,152.40.135.6
120,Tarrah,Crankshaw,tcrankshaw3b@sitemeter.com,Female,32.149.212.7
121,Blancha,McGarrahan,bmcgarrahan3c@google.com.au,Female,96.75.237.91
122,Delinda,Jakes,djakes3d@xinhuanet.com,Bigender,99.25.157.75
123,Ave,Carlo,acarlo3e@joomla.org,Male,143.142.228.205
124,Clementius,Zoppie,czoppie3f@wordpress.com,Male,8.65.159.224
125,Drugi,Cardall,dcardall3g@bizjournals.com,Male,82.74.238.245
126,Storm,Minghella,sminghella3h@soundcloud.com,Female,145.135.70.115
127,Baxter,Collymore,bcollymore3i@friendfeed.com,Male,152.93.22.56
128,Valery,MacPhaden,vmacphaden3j@example.com,Female,193.238.184.112
129,Vaughan,Caris,vcaris3k@disqus.com,Male,103.90.106.239
130,Bertie,Deave,bdeave3l@columbia.edu,Male,6.111.113.219
131,Zeke,Matyashev,zmatyashev3m@tuttocitta.it,Male,165.127.172.188
132,Herb,Ransome,hransome3n@dyndns.org,Male,221.37.228.222
133,Nyssa,Artz,nartz3o@economist.com,Female,216.136.31.114
134,Layton,Dangl,ldangl3p@amazon.de,Male,234.131.180.21
135,Danie,Breckon,dbreckon3q@prlog.org,Male,147.25.247.44
136,Rodolph,Layburn,rlayburn3r@princeton.edu,Male,73.101.11.133
137,Herrick,Noddle,hnoddle3s@gov.uk,Male,252.115.120.186
138,Marchall,Worboy,mworboy3t@omniture.com,Male,238.122.198.172
139,Blakelee,O'Dwyer,bodwyer3u@discuz.net,Female,53.100.159.132
140,Staford,Teek,steek3v@eventbrite.com,Male,127.141.45.47
141,Allx,Easbie,aeasbie3w@who.int,Female,121.81.49.67
142,Son,Bourrel,sbourrel3x@berkeley.edu,Male,225.103.6.181
143,Siffre,Ainsbury,sainsbury3y@illinois.edu,Genderqueer,116.208.110.195
144,Ahmad,Vincent,avincent3z@blogspot.com,Male,212.76.35.111
145,Michal,Lloyd,mlloyd40@adobe.com,Male,41.89.201.166
146,Lisbeth,Brame,lbrame41@homestead.com,Female,45.41.225.173
147,Burl,Kaemena,bkaemena42@hibu.com,Male,149.133.117.66
148,Kimmi,Ziemke,kziemke43@barnesandnoble.com,Genderfluid,60.38.190.222
149,Antone,Youthed,ayouthed44@unesco.org,Male,240.243.110.203
150,Jenifer,Joan,jjoan45@wsj.com,Female,160.22.59.249
151,Llywellyn,Ranscome,lranscome46@blogtalkradio.com,Male,176.250.160.117
152,Jasen,Ord,jord47@foxnews.com,Agender,20.22.48.160
153,Gabi,Forst,gforst48@addthis.com,Male,160.203.74.18
154,Andreana,Swane,aswane49@csmonitor.com,Female,142.183.9.49
155,Tucky,Le Marchant,tlemarchant4a@soundcloud.com,Male,162.23.110.241
156,Rozamond,Barajas,rbarajas4b@who.int,Female,173.140.132.33
157,Robbert,Baddoe,rbaddoe4c@ning.com,Male,224.241.141.40
158,Correna,Ritch,critch4d@cnn.com,Female,192.8.110.143
159,Tobias,Carlin,tcarlin4e@gov.uk,Male,130.251.164.255
160,Nelie,Chanter,nchanter4f@etsy.com,Female,132.15.11.185
161,Wadsworth,Simson,wsimson4g@wordpress.com,Male,62.107.140.148
162,Garret,Ferraron,gferraron4h@chron.com,Male,110.243.136.255
163,Franklin,Sillis,fsillis4i@comcast.net,Male,247.14.205.148
164,Tasia,Mathie,tmathie4j@gmpg.org,Female,122.25.177.101
165,Catharine,Marrian,cmarrian4k@usatoday.com,Female,52.253.125.28
166,Clem,Downham,cdownham4l@ameblo.jp,Male,6.130.241.76
167,Joanie,Curmi,jcurmi4m@themeforest.net,Female,98.45.16.179
168,Kara-lynn,Pocklington,kpocklington4n@hugedomains.com,Female,162.175.54.231
169,Trev,Attoe,tattoe4o@auda.org.au,Male,228.66.233.30
170,Constantina,Crookes,ccrookes4p@ucsd.edu,Female,208.175.166.132
171,Dur,Croci,dcroci4q@baidu.com,Genderqueer,25.214.209.225
172,Pauli,Etchell,petchell4r@wunderground.com,Female,96.122.194.157
173,Vevay,Layfield,vlayfield4s@nationalgeographic.com,Genderfluid,185.1.112.242
174,Maxy,Brannon,mbrannon4t@engadget.com,Female,17.250.99.46
175,Rad,Bennell,rbennell4u@epa.gov,Male,192.108.218.123
176,Valenka,Pilkinton,vpilkinton4v@ucoz.ru,Genderqueer,92.183.251.160
177,Karena,Allitt,kallitt4w@hexun.com,Female,49.158.195.166
178,Coral,Horrigan,chorrigan4x@1688.com,Female,124.209.50.209
179,Dion,Pidgen,dpidgen4y@forbes.com,Agender,36.145.45.29
180,Kristel,Rings,krings4z@bloomberg.com,Female,38.239.213.62
181,Hill,Ciotto,hciotto50@nih.gov,Male,191.169.16.70
182,Chrissie,Ziemke,cziemke51@seesaa.net,Male,209.156.181.37
183,Nady,Levinge,nlevinge52@squarespace.com,Female,26.8.57.179
184,Emmalynn,Vasey,evasey53@plala.or.jp,Female,28.45.117.86
185,Edita,Bier,ebier54@parallels.com,Female,1.215.59.185
186,Rocky,Craigie,rcraigie55@pcworld.com,Male,228.172.200.218
187,Alphonse,Merryfield,amerryfield56@youtu.be,Male,58.71.215.27
188,Karena,Praten,kpraten57@wikispaces.com,Female,17.95.139.82
189,Jeffrey,Atwel,jatwel58@creativecommons.org,Male,238.16.126.19
190,Camille,Baddiley,cbaddiley59@dion.ne.jp,Female,36.183.118.78
191,Joye,D'Aubney,jdaubney5a@constantcontact.com,Female,17.244.175.45
192,Cobbie,Ferrant,cferrant5b@symantec.com,Male,189.125.213.241
193,Flossi,Swanson,fswanson5c@nymag.com,Female,251.222.145.132
194,Clemmie,Cianni,ccianni5d@utexas.edu,Male,114.188.103.229
195,Arnuad,Warricker,awarricker5e@cdc.gov,Male,152.59.80.208
196,Ruthy,Oherlihy,roherlihy5f@networkadvertising.org,Female,247.118.53.173
197,Winifred,Klimowski,wklimowski5g@tamu.edu,Female,57.176.225.215
198,Matthieu,Sodor,msodor5h@omniture.com,Polygender,189.198.243.13
199,Nora,Trett,ntrett5i@marketwatch.com,Female,237.208.160.117
200,Hilly,Jandel,hjandel5j@reverbnation.com,Male,165.51.43.209
201,Mannie,Jacmard,mjacmard5k@abc.net.au,Male,189.102.115.21
202,Jaime,Rothwell,jrothwell5l@squarespace.com,Male,107.124.191.156
203,Dorita,Heaney`,dheaney5m@meetup.com,Agender,71.53.36.36
204,Korry,Barke,kbarke5n@clickbank.net,Female,115.228.37.27
205,Berna,Kenlin,bkenlin5o@studiopress.com,Female,0.226.96.219
206,Andeee,O'Hallagan,aohallagan5p@is.gd,Female,36.22.149.232
207,Darsie,Hartell,dhartell5q@cafepress.com,Female,215.25.97.247
208,Gabrila,Prestner,gprestner5r@linkedin.com,Female,39.116.242.123
209,Danica,Brevitt,dbrevitt5s@qq.com,Agender,182.230.184.87
210,Nevins,Kornyshev,nkornyshev5t@vk.com,Male,213.117.7.193
211,Anastasie,Nutley,anutley5u@rambler.ru,Female,224.208.241.21
212,Hershel,Harhoff,hharhoff5v@furl.net,Male,146.150.112.119
213,Cathrine,Cafferty,ccafferty5w@ycombinator.com,Female,162.158.216.91
214,Bernardina,Duigan,bduigan5x@drupal.org,Female,103.99.104.75
215,Derrek,Bennet,dbennet5y@cnet.com,Male,74.252.66.159
216,Oralee,Orwell,oorwell5z@constantcontact.com,Female,20.85.254.58
217,Roland,Parsall,rparsall60@hugedomains.com,Genderqueer,156.149.238.206
218,Orlando,Peschke,opeschke61@networksolutions.com,Male,213.231.218.227
219,Booth,Naldrett,bnaldrett62@netvibes.com,Male,227.85.52.30
220,Silvia,Flatt,sflatt63@meetup.com,Genderqueer,126.220.73.147
221,Karlee,Elgey,kelgey64@google.nl,Bigender,220.69.176.77
222,Leyla,Hick,lhick65@netlog.com,Female,76.239.246.223
223,Hilton,Kivits,hkivits66@sun.com,Male,104.44.173.91
224,Zedekiah,Dosedale,zdosedale67@gravatar.com,Male,148.119.194.29
225,Laurel,MacCarlich,lmaccarlich68@trellian.com,Female,170.11.49.83
226,Raphaela,Bolderoe,rbolderoe69@livejournal.com,Female,233.232.96.146
227,Cale,Jodkowski,cjodkowski6a@marriott.com,Male,154.11.50.182
228,Jayme,Tortoise,jtortoise6b@usgs.gov,Female,199.180.205.163
229,Dmitri,Duchenne,dduchenne6c@google.ca,Male,48.225.20.175
230,Kamilah,Rosenthal,krosenthal6d@boston.com,Female,254.54.68.49
231,Manny,Bidgod,mbidgod6e@mashable.com,Male,188.97.213.201
232,Fraser,Deane,fdeane6f@csmonitor.com,Male,216.223.254.233
233,Hamlen,Elcy,helcy6g@amazon.co.jp,Male,195.133.82.51
234,Basil,Bretherick,bbretherick6h@seattletimes.com,Male,245.62.171.131
235,Tony,Vany,tvany6i@alibaba.com,Male,80.79.196.214
236,Elmore,Sturt,esturt6j@blog.com,Male,161.137.225.122
237,Fredelia,Pimer,fpimer6k@answers.com,Female,180.244.3.198
238,Brenn,Chinnock,bchinnock6l@ucla.edu,Female,99.99.12.211
239,Eudora,Rosencwaig,erosencwaig6m@moonfruit.com,Female,125.16.150.125
240,Danette,Lammertz,dlammertz6n@gnu.org,Female,44.24.228.187
241,Opaline,Struttman,ostruttman6o@washington.edu,Non-binary,70.31.235.53
242,Salomone,Denyukin,sdenyukin6p@about.me,Male,106.151.56.142
243,Dane,O'Siaghail,dosiaghail6q@google.com.au,Male,9.11.93.215
244,Oralle,O'Lochan,oolochan6r@usgs.gov,Female,115.172.74.177
245,Hesther,Zuanelli,hzuanelli6s@merriam-webster.com,Female,244.103.29.160
246,Forester,Gladdis,fgladdis6t@creativecommons.org,Male,194.57.168.177
247,Grayce,Adcocks,gadcocks6u@webmd.com,Non-binary,110.7.160.100
248,Justin,Davis,jdavis6v@diigo.com,Male,54.95.171.123
249,Nicholas,Mildner,nmildner6w@diigo.com,Male,175.99.63.77
250,Katalin,Van de Vlies,kvandevlies6x@soup.io,Female,210.211.189.234
251,Morissa,Venturoli,mventuroli6y@psu.edu,Female,244.111.107.109
252,Den,Giovanitti,dgiovanitti6z@blogtalkradio.com,Male,44.66.186.94
253,Arlie,Quarton,aquarton70@wired.com,Female,80.238.73.9
254,Todd,Brognot,tbrognot71@berkeley.edu,Male,16.211.120.21
255,Saundra,Durdle,sdurdle72@ycombinator.com,Female,159.209.252.145
256,Madonna,Dolton,mdolton73@topsy.com,Female,115.14.146.36
257,Findlay,Bowling,fbowling74@dyndns.org,Male,240.216.148.212
258,Paul,Sherme,psherme75@godaddy.com,Male,94.93.78.92
259,Myrtia,Lamers,mlamers76@51.la,Female,24.183.247.240
260,Elly,Whitfield,ewhitfield77@example.com,Female,255.86.220.136
261,Constantine,Kefford,ckefford78@cbslocal.com,Male,156.184.5.209
262,Henri,Reeman,hreeman79@webs.com,Male,38.57.70.38
263,Roland,Feckey,rfeckey7a@unblog.fr,Male,92.145.204.27
264,Lon,Childs,lchilds7b@epa.gov,Male,78.108.72.168
265,Mariya,Cavanaugh,mcavanaugh7c@ovh.net,Non-binary,93.29.225.177
266,Fair,Waggitt,fwaggitt7d@illinois.edu,Polygender,227.96.107.238
267,Nevin,Filippone,nfilippone7e@auda.org.au,Male,7.254.196.126
268,Titos,Hasty,thasty7f@sfgate.com,Male,156.33.49.182
269,Derrek,Carff,dcarff7g@themeforest.net,Male,149.0.62.212
270,Barth,Kilmurry,bkilmurry7h@cnet.com,Male,37.58.4.216
271,Sutton,Thome,sthome7i@unblog.fr,Male,76.130.167.229
272,Giff,Bisatt,gbisatt7j@myspace.com,Male,51.118.23.105
273,Mirilla,McAuslan,mmcauslan7k@craigslist.org,Female,118.204.0.47
274,Evanne,Gitting,egitting7l@symantec.com,Female,107.172.236.173
275,Morgan,Gettins,mgettins7m@addtoany.com,Non-binary,20.45.2.19
276,Boone,Beran,bberan7n@ucsd.edu,Male,98.74.184.243
277,Allen,Giraudoux,agiraudoux7o@npr.org,Male,180.251.103.54
278,Leslie,Woollcott,lwoollcott7p@multiply.com,Female,30.85.164.45
279,Aurea,Jon,ajon7q@bizjournals.com,Female,18.176.135.251
280,Hagen,Farden,hfarden7r@craigslist.org,Male,221.232.64.112
281,Helge,Pandie,hpandie7s@cam.ac.uk,Female,129.105.240.140
282,Cybill,Haily,chaily7t@bing.com,Female,72.112.84.99
283,Jennica,Spinney,jspinney7u@discovery.com,Female,87.251.89.166
284,Kirsti,Kyffin,kkyffin7v@cdc.gov,Female,140.59.88.35
285,Ruy,Oglethorpe,roglethorpe7w@epa.gov,Male,43.251.95.123
286,Neal,Stucke,nstucke7x@yale.edu,Male,223.237.240.49
287,Flory,Brushneen,fbrushneen7y@sitemeter.com,Female,43.83.169.180
288,Shandra,Goby,sgoby7z@amazon.com,Female,227.105.195.232
289,Peria,Eastman,peastman80@cloudflare.com,Female,220.48.184.220
290,Glenda,Cromblehome,gcromblehome81@topsy.com,Female,130.44.138.196
291,Ingelbert,Marchelli,imarchelli82@reuters.com,Male,151.54.172.12
292,Travis,Alliker,talliker83@hhs.gov,Male,182.238.184.20
293,Inez,Ewdale,iewdale84@jiathis.com,Genderfluid,77.102.115.12
294,Jeana,Burgoyne,jburgoyne85@baidu.com,Female,231.251.212.39
295,Clerissa,Winspurr,cwinspurr86@forbes.com,Female,231.68.127.124
296,Ardelle,Beevors,abeevors87@a8.net,Female,238.179.93.29
297,Harper,Goolding,hgoolding88@oaic.gov.au,Male,21.195.254.242
298,Gleda,O'Dooghaine,godooghaine89@geocities.com,Female,199.92.179.248
299,Joy,Dishman,jdishman8a@sina.com.cn,Female,193.177.3.182
300,Dur,Puller,dpuller8b@nationalgeographic.com,Male,209.241.147.101
301,Cacilia,Gerrels,cgerrels8c@google.es,Female,52.127.27.237
302,Roger,Yeaman,ryeaman8d@ebay.co.uk,Male,164.126.207.107
303,Gun,Jachimczak,gjachimczak8e@discovery.com,Male,186.198.132.203
304,Carmelita,Wield,cwield8f@people.com.cn,Female,143.143.196.140
305,Cirilo,Tooley,ctooley8g@mac.com,Male,203.196.10.212
306,Demetris,Crighten,dcrighten8h@hc360.com,Female,88.211.99.93
307,Llywellyn,Baroch,lbaroch8i@umich.edu,Male,142.241.243.31
308,Sandye,McCrainor,smccrainor8j@topsy.com,Female,254.134.195.198
309,Algernon,Elloy,aelloy8k@nasa.gov,Male,166.188.187.122
310,Margaretta,Mallock,mmallock8l@google.com.hk,Female,128.225.188.13
311,Andriana,Slamaker,aslamaker8m@ca.gov,Female,20.128.13.64
312,Frank,Cluatt,fcluatt8n@moonfruit.com,Female,90.241.214.186
313,Mariam,Cartmill,mcartmill8o@blogspot.com,Female,180.129.195.144
314,Davide,Pryn,dpryn8p@ca.gov,Male,154.164.117.17
315,Georges,Birkenshaw,gbirkenshaw8q@earthlink.net,Male,195.74.140.153
316,Lory,Klink,lklink8r@whitehouse.gov,Female,45.85.89.110
317,Lyndy,Boomes,lboomes8s@spiegel.de,Female,115.98.239.24
318,Karlyn,Ambrozewicz,kambrozewicz8t@marriott.com,Female,10.57.36.153
319,Sharla,Kermitt,skermitt8u@ibm.com,Female,139.94.20.25
320,Cliff,Peres,cperes8v@instagram.com,Male,123.37.53.47
321,Odele,Mityushin,omityushin8w@angelfire.com,Bigender,107.64.86.117
322,Rickert,Janous,rjanous8x@pcworld.com,Male,201.39.97.60
323,Xavier,Jane,xjane8y@facebook.com,Male,66.38.51.181
324,Kellia,Adnam,kadnam8z@amazon.co.jp,Female,28.184.216.129
325,Elberta,Apperley,eapperley90@topsy.com,Female,58.11.164.221
326,Enrico,Funnell,efunnell91@cloudflare.com,Male,208.142.178.10
327,Abner,Bambra,abambra92@census.gov,Male,96.176.123.213
328,Bobbe,Dyerson,bdyerson93@google.ca,Female,63.187.173.83
329,Kenton,Hasell,khasell94@yellowpages.com,Male,161.81.107.56
330,Petronille,Schruyer,pschruyer95@parallels.com,Female,152.84.22.121
331,Audre,Yarn,ayarn96@slashdot.org,Female,172.222.190.248
332,Marna,Lawee,mlawee97@freewebs.com,Female,129.78.152.27
333,Lura,Sebrook,lsebrook98@ihg.com,Female,168.219.157.177
334,Krysta,Troth,ktroth99@delicious.com,Female,222.123.43.221
335,Blanche,Davidowich,bdavidowich9a@house.gov,Polygender,249.197.128.92
336,Brennen,Bishop,bbishop9b@rediff.com,Male,240.174.162.198
337,Savina,Pashan,spashan9c@sogou.com,Female,237.74.138.28
338,Marisa,O Mullen,momullen9d@hc360.com,Female,70.179.193.18
339,Trenton,Galbreth,tgalbreth9e@latimes.com,Male,183.17.228.28
340,Lamond,Schlagman,lschlagman9f@nationalgeographic.com,Male,9.164.195.204
341,Bibbie,MacKettrick,bmackettrick9g@examiner.com,Female,216.234.12.114
342,Dave,Mackriell,dmackriell9h@mozilla.com,Male,220.253.79.86
343,Emanuele,Riggs,eriggs9i@fotki.com,Male,121.162.254.87
344,Peterus,Mullen,pmullen9j@networksolutions.com,Male,122.54.5.91
345,Haslett,Vannacci,hvannacci9k@tmall.com,Male,59.18.233.189
346,Leeland,Hayler,lhayler9l@ehow.com,Male,75.141.156.207
347,Ulick,Geany,ugeany9m@myspace.com,Genderfluid,215.118.142.171
348,Morse,Leindecker,mleindecker9n@wsj.com,Polygender,29.124.171.214
349,Carlos,Aidler,caidler9o@bigcartel.com,Male,88.135.49.208
350,Gasparo,Eard,geard9p@sohu.com,Male,95.68.101.170
351,Janine,Panons,jpanons9q@springer.com,Female,106.96.125.235
352,Rasla,Boyes,rboyes9r@oracle.com,Female,214.199.94.38
353,Sinclare,Paddefield,spaddefield9s@ameblo.jp,Male,127.173.249.236
354,Lorianne,Lyness,llyness9t@reverbnation.com,Female,16.92.163.145
355,Clari,McClune,cmcclune9u@cyberchimps.com,Female,175.49.238.239
356,Ardelia,Rickeard,arickeard9v@domainmarket.com,Female,194.98.195.245
357,Chariot,Pooly,cpooly9w@admin.ch,Male,66.240.171.54
358,Maxwell,Croney,mcroney9x@shareasale.com,Male,59.191.246.84
359,Caddric,Titford,ctitford9y@economist.com,Male,14.243.71.5
360,Shena,Haslock(e),shaslocke9z@acquirethisname.com,Female,113.224.134.17
361,Shay,Craze,scrazea0@nationalgeographic.com,Female,81.60.181.134
362,Clint,Redolfi,credolfia1@oracle.com,Male,165.210.88.42
363,Randy,Crosgrove,rcrosgrovea2@printfriendly.com,Female,104.86.12.205
364,Friedrich,McGill,fmcgilla3@ebay.com,Male,7.109.132.69
365,Cordi,Scougall,cscougalla4@businesswire.com,Female,44.255.107.216
366,Buckie,Bridgement,bbridgementa5@walmart.com,Male,199.174.73.126
367,Chlo,Bortoletti,cbortolettia6@quantcast.com,Female,12.16.216.180
368,Drusilla,Judkin,djudkina7@comcast.net,Female,104.130.61.16
369,Maryanne,Ughini,mughinia8@geocities.jp,Female,115.175.149.66
370,Pembroke,Van Arsdall,pvanarsdalla9@prlog.org,Male,75.180.243.213
371,Caralie,Payne,cpayneaa@guardian.co.uk,Female,145.54.124.51
372,Gustaf,Malafe,gmalafeab@yelp.com,Male,21.163.6.243
373,Melitta,Hart,mhartac@businesswire.com,Female,183.217.5.115
374,Auberon,Keppin,akeppinad@abc.net.au,Male,84.195.73.19
375,Harri,Cavan,hcavanae@ibm.com,Female,251.251.101.103
376,Arni,Iveagh,aiveaghaf@spotify.com,Male,215.154.120.233
377,Catlee,Meeking,cmeekingag@mapquest.com,Female,186.223.149.190
378,Sully,Latey,slateyah@hp.com,Male,16.172.59.217
379,Stanley,Dunthorne,sdunthorneai@samsung.com,Male,234.23.72.184
380,Lindsey,Maides,lmaidesaj@jimdo.com,Male,205.6.205.93
381,Tommy,Nozzolii,tnozzoliiak@who.int,Bigender,72.191.183.126
382,Minne,Burgon,mburgonal@cafepress.com,Female,66.138.242.141
383,Ernest,Abbati,eabbatiam@parallels.com,Male,105.65.147.40
384,Glennie,Allington,gallingtonan@cnet.com,Female,147.254.115.46
385,Toby,Darrel,tdarrelao@indiatimes.com,Male,16.23.147.82
386,Benedikt,Tozer,btozerap@engadget.com,Male,123.237.128.29
387,Georgeta,Mattussevich,gmattussevichaq@altervista.org,Female,74.253.18.142
388,Tobi,Junifer,tjuniferar@reuters.com,Female,217.98.47.190
389,Benjamin,O' Molan,bomolanas@go.com,Male,59.127.49.78
390,Sisely,Mattaser,smattaserat@imageshack.us,Female,245.28.109.162
391,Zelma,Stollery,zstolleryau@1688.com,Genderqueer,37.42.105.16
392,Enid,Gerb,egerbav@upenn.edu,Female,176.177.65.30
393,Dotti,Slimmon,dslimmonaw@shinystat.com,Female,191.7.139.81
394,Bellina,Carradice,bcarradiceax@skype.com,Female,184.217.210.169
395,Reinaldo,Cecely,rcecelyay@addthis.com,Male,138.195.72.18
396,Paloma,Reason,preasonaz@hhs.gov,Female,252.184.115.201
397,Zak,Braden,zbradenb0@businessinsider.com,Male,30.95.232.91
398,Olia,McLeary,omclearyb1@alibaba.com,Female,236.255.15.45
399,Tod,Ravens,travensb2@cisco.com,Male,181.122.126.130
400,Quill,Klimkiewich,qklimkiewichb3@uiuc.edu,Non-binary,56.33.58.103
401,Peadar,Baldini,pbaldinib4@altervista.org,Male,75.161.131.48
402,Griselda,Slowly,gslowlyb5@sourceforge.net,Female,251.157.27.175
403,Donall,Threadgill,dthreadgillb6@google.com,Male,2.53.242.47
404,Zane,Jekyll,zjekyllb7@cnn.com,Male,204.213.190.211
405,Elsbeth,Vasyukov,evasyukovb8@oaic.gov.au,Female,23.53.2.208
406,Dusty,Klaes,dklaesb9@constantcontact.com,Female,44.40.99.107
407,Vasily,Canty,vcantyba@slashdot.org,Male,192.78.17.170
408,Kareem,Denny,kdennybb@nba.com,Male,135.66.21.37
409,Craggie,Bustin,cbustinbc@apache.org,Male,234.103.127.105
410,Ebenezer,Frean,efreanbd@about.com,Non-binary,82.210.30.219
411,Rem,Pieters,rpietersbe@bloglovin.com,Male,78.125.245.12
412,Valencia,Garrison,vgarrisonbf@va.gov,Female,92.243.148.255
413,Ula,Jancar,ujancarbg@scientificamerican.com,Bigender,240.210.197.68
414,Paulina,Jillard,pjillardbh@sourceforge.net,Female,172.49.97.109
415,Tiffy,Joyes,tjoyesbi@icio.us,Female,84.89.66.140
416,Darryl,Hoogendorp,dhoogendorpbj@privacy.gov.au,Female,250.42.246.64
417,Madelle,Cholwell,mcholwellbk@fda.gov,Female,128.239.212.19
418,Shayna,Jeckells,sjeckellsbl@ask.com,Female,238.254.90.94
419,Quintilla,Batcheldor,qbatcheldorbm@wikia.com,Female,1.131.88.48
420,Carlynne,Hargroves,chargrovesbn@chron.com,Female,52.234.146.122
421,Danella,Bruckshaw,dbruckshawbo@princeton.edu,Female,232.131.65.13
422,Gabriel,McLachlan,gmclachlanbp@godaddy.com,Female,75.21.116.112
423,Leonora,Josefsson,ljosefssonbq@ucla.edu,Female,211.20.47.136
424,Silas,Androli,sandrolibr@usnews.com,Male,161.135.222.179
425,Damian,Hiscoke,dhiscokebs@infoseek.co.jp,Male,33.210.253.31
426,Rosalia,Soldan,rsoldanbt@army.mil,Female,215.55.146.46
427,Pail,Broddle,pbroddlebu@yale.edu,Male,192.215.163.59
428,Zebulen,Brinkley,zbrinkleybv@accuweather.com,Male,163.200.161.155
429,Ede,Karpinski,ekarpinskibw@time.com,Female,19.199.115.178
430,Fedora,Laurenz,flaurenzbx@sourceforge.net,Female,59.21.58.189
431,Cirillo,Iddison,ciddisonby@nbcnews.com,Male,132.241.83.68
432,Margot,Gallahar,mgallaharbz@blogtalkradio.com,Female,0.43.19.96
433,Leanna,Ferguson,lfergusonc0@phpbb.com,Genderfluid,1.162.63.239
434,Nevil,Powley,npowleyc1@cyberchimps.com,Male,201.19.195.161
435,Cathi,Plan,cplanc2@mayoclinic.com,Female,97.231.161.151
436,Kennan,Aherne,kahernec3@slashdot.org,Male,78.145.120.214
437,Birgitta,Loxdale,bloxdalec4@pen.io,Non-binary,253.136.56.129
438,Rochell,Bercher,rbercherc5@webeden.co.uk,Female,30.26.138.3
439,Myca,Mesias,mmesiasc6@furl.net,Agender,63.244.100.232
440,Tandy,Scallon,tscallonc7@etsy.com,Female,229.126.43.167
441,Meredeth,Bedwell,mbedwellc8@dagondesign.com,Male,45.78.96.156
442,Thomasin,Coysh,tcoyshc9@weibo.com,Genderfluid,121.12.255.206
443,Kippy,Sallery,ksalleryca@ask.com,Female,191.125.167.190
444,Patton,Tregonna,ptregonnacb@livejournal.com,Male,117.226.37.26
445,Corena,Farrall,cfarrallcc@miibeian.gov.cn,Female,136.118.219.194
446,Michaelina,Mix,mmixcd@hibu.com,Female,228.134.80.115
447,Shirline,Roderham,sroderhamce@soundcloud.com,Female,59.242.203.22
448,Alyse,Chrisp,achrispcf@whitehouse.gov,Female,167.140.24.21
449,Avie,Harniman,aharnimancg@cbslocal.com,Female,172.197.233.107
450,Tamas,Rutland,trutlandch@dot.gov,Male,234.166.235.254
451,Jud,Scoular,jscoularci@ed.gov,Male,39.65.9.143
452,Uriel,Muckian,umuckiancj@ebay.co.uk,Male,165.129.220.194
453,Dierdre,Leyninye,dleyninyeck@dagondesign.com,Female,34.165.23.184
454,Abraham,Pope,apopecl@creativecommons.org,Male,200.9.35.159
455,Jeri,Dearle,jdearlecm@ifeng.com,Female,135.164.218.95
456,Stevy,Phateplace,sphateplacecn@1688.com,Male,55.47.6.217
457,Tamiko,Pirouet,tpirouetco@walmart.com,Female,182.194.237.34
458,Hanson,Guidini,hguidinicp@digg.com,Male,208.161.250.137
459,Mordy,Dowyer,mdowyercq@chron.com,Male,68.76.78.65
460,Aleksandr,Matyja,amatyjacr@ezinearticles.com,Male,49.242.199.145
461,Leonidas,Dunnet,ldunnetcs@gizmodo.com,Male,78.9.17.213
462,Alexandrina,Sicha,asichact@blinklist.com,Female,183.65.163.114
463,Griff,O'Hartnedy,gohartnedycu@comsenz.com,Male,42.51.221.57
464,Honoria,McKoy,hmckoycv@google.com.hk,Female,96.3.114.134
465,Allard,Prodrick,aprodrickcw@yahoo.com,Male,103.55.182.102
466,Isabella,Stitt,istittcx@google.com,Female,147.173.249.199
467,Gilberte,Pilipyak,gpilipyakcy@barnesandnoble.com,Female,185.211.100.72
468,Hadleigh,Beckerleg,hbeckerlegcz@economist.com,Male,12.240.54.198
469,Kimble,Vezey,kvezeyd0@dot.gov,Male,105.50.222.121
470,Alvis,Andriessen,aandriessend1@spotify.com,Male,96.92.241.246
471,Loretta,Tidd,ltiddd2@scientificamerican.com,Female,31.1.125.213
472,Catherin,Paoletto,cpaolettod3@constantcontact.com,Female,243.119.99.152
473,Anette,Moores,amooresd4@macromedia.com,Female,196.25.53.211
474,Noach,Shemelt,nshemeltd5@ovh.net,Male,42.221.105.77
475,Harmonie,Navaro,hnavarod6@spiegel.de,Female,16.82.131.181
476,Walt,Sarginson,wsarginsond7@hud.gov,Male,239.251.203.72
477,Frankie,Sheward,fshewardd8@weebly.com,Male,79.61.36.86
478,Tore,Tomkys,ttomkysd9@google.es,Male,0.53.79.229
479,Harriette,Crowdace,hcrowdaceda@blogtalkradio.com,Female,69.53.160.248
480,Nefen,Oxherd,noxherddb@cam.ac.uk,Male,80.214.94.241
481,Bellanca,Issard,bissarddc@unicef.org,Female,52.6.69.7
482,Obadiah,Honniebal,ohonniebaldd@tmall.com,Male,3.127.240.213
483,Sol,Tondeur,stondeurde@intel.com,Male,141.11.10.135
484,Davide,Nolda,dnoldadf@aol.com,Male,131.0.23.230
485,Taffy,Leithgoe,tleithgoedg@scribd.com,Female,252.240.212.200
486,Galina,Rameau,grameaudh@cpanel.net,Female,25.96.72.227
487,Robbi,Guy,rguydi@apache.org,Polygender,246.92.176.154
488,Tammy,Poulsen,tpoulsendj@vistaprint.com,Male,250.21.50.104
489,Delila,Retter,dretterdk@cmu.edu,Female,59.110.252.39
490,Nappie,Staley,nstaleydl@twitpic.com,Male,71.121.117.48
491,Micheil,Lewsley,mlewsleydm@yelp.com,Male,199.220.88.155
492,Bradford,Scrowton,bscrowtondn@vk.com,Male,36.162.64.67
493,Earl,Gotch,egotchdo@devhub.com,Male,133.73.57.180
494,Zebulon,Christer,zchristerdp@dedecms.com,Male,140.38.197.188
495,Leighton,Congreave,lcongreavedq@eventbrite.com,Male,157.16.220.94
496,Hurleigh,Cloake,hcloakedr@1688.com,Male,192.177.3.111
497,Kikelia,Doerren,kdoerrends@auda.org.au,Polygender,220.107.254.91
498,Ilyssa,Sherville,ishervilledt@deviantart.com,Female,216.8.67.48
499,Jae,Seaborn,jseaborndu@china.com.cn,Male,149.28.69.215
500,Aubrey,Heavy,aheavydv@cnn.com,Female,214.206.184.197
501,Cynde,Denny,cdennydw@merriam-webster.com,Female,7.174.37.57
502,Kyle,Buggy,kbuggydx@wikipedia.org,Bigender,194.108.168.95
503,Denney,Lansbury,dlansburydy@smugmug.com,Male,58.114.62.183
504,Hunfredo,Drowsfield,hdrowsfielddz@bravesites.com,Agender,217.130.173.241
505,Reggi,Bernardelli,rbernardellie0@nbcnews.com,Female,109.76.146.153
506,Jameson,Tuhy,jtuhye1@nature.com,Male,103.165.174.182
507,Montgomery,Bottrill,mbottrille2@t-online.de,Male,112.213.207.173
508,Benjie,Habbin,bhabbine3@bluehost.com,Male,190.203.227.136
509,Joell,Sutcliff,jsutcliffe4@shareasale.com,Non-binary,255.213.162.17
510,Ernst,Yepiskopov,eyepiskopove5@tripod.com,Male,60.101.126.206
511,Sileas,Belz,sbelze6@skyrock.com,Female,167.102.134.51
512,Fernando,Muglestone,fmuglestonee7@google.com.au,Male,115.67.183.138
513,Mina,Windle,mwindlee8@cpanel.net,Genderfluid,133.155.233.158
514,Harri,Hallet,hhallete9@cornell.edu,Female,200.146.82.159
515,Dorelia,Southouse,dsouthouseea@ucla.edu,Female,239.15.83.21
516,Gilligan,Noller,gnollereb@boston.com,Female,200.179.143.99
517,Mallory,Skyner,mskynerec@t.co,Male,248.173.211.181
518,Dory,McCobb,dmccobbed@cpanel.net,Female,179.241.42.187
519,Layla,Owbrick,lowbrickee@dyndns.org,Female,241.182.170.234
520,Libbi,Jeanin,ljeaninef@cargocollective.com,Female,196.166.199.71
521,Al,Redwin,aredwineg@sogou.com,Male,196.174.95.182
522,Rozalie,Gosse,rgosseeh@sakura.ne.jp,Female,107.13.74.114
523,Layney,Swancock,lswancockei@slate.com,Bigender,177.144.144.137
524,Sean,Carnoghan,scarnoghanej@aol.com,Female,47.135.228.8
525,Kessiah,Bradfield,kbradfieldek@istockphoto.com,Female,136.154.227.244
526,Keriann,Shephard,kshephardel@1688.com,Female,242.112.225.98
527,Heath,Tarburn,htarburnem@google.ca,Male,211.246.213.243
528,Demetria,Arlett,darletten@cornell.edu,Female,29.195.192.104
529,Finlay,Balaizot,fbalaizoteo@apache.org,Male,126.157.234.108
530,Eb,Udell,eudellep@netvibes.com,Male,211.48.19.102
531,Pamela,Korting,pkortingeq@soup.io,Female,146.142.89.177
532,Irita,Woodwin,iwoodwiner@mapy.cz,Genderfluid,137.193.62.110
533,Jamey,Bernaciak,jbernaciakes@reuters.com,Male,38.143.124.108
534,Fianna,Beaman,fbeamanet@tamu.edu,Female,19.160.148.63
535,Mattie,Gout,mgouteu@spiegel.de,Male,163.236.184.42
536,Frazer,Corking,fcorkingev@tripod.com,Male,144.147.131.106
537,Germayne,Destouche,gdestoucheew@ning.com,Male,196.176.9.57
538,Merry,Coomer,mcoomerex@homestead.com,Male,222.64.214.70
539,Sal,Martins,smartinsey@macromedia.com,Male,139.112.171.52
540,Dyana,Hadleigh,dhadleighez@scribd.com,Female,107.83.216.117
541,Grady,Thomassin,gthomassinf0@latimes.com,Male,170.8.91.20
542,Milly,McArte,mmcartef1@reference.com,Female,154.242.11.171
543,Glenn,Windless,gwindlessf2@usgs.gov,Genderfluid,102.183.208.99
544,Jeffry,Anstice,jansticef3@arizona.edu,Male,182.1.115.11
545,Randy,Nelson,rnelsonf4@digg.com,Male,58.178.210.150
546,Tobe,Sandbatch,tsandbatchf5@prlog.org,Female,53.184.95.235
547,Dreddy,Farndon,dfarndonf6@dailymail.co.uk,Polygender,187.4.152.150
548,Celia,Harkness,charknessf7@usgs.gov,Female,75.199.145.235
549,Mikey,Flude,mfludef8@csmonitor.com,Male,162.79.98.112
550,Vernen,Seabert,vseabertf9@skyrock.com,Male,92.54.7.205
551,Giuditta,Darinton,gdarintonfa@blogger.com,Genderqueer,206.198.10.203
552,Dmitri,Lillow,dlillowfb@gizmodo.com,Male,52.57.77.245
553,Morley,Scotford,mscotfordfc@cdc.gov,Male,93.116.168.245
554,Baron,Isgar,bisgarfd@home.pl,Male,185.209.148.171
555,Paulo,Junifer,pjuniferfe@yale.edu,Male,221.138.126.71
556,Caralie,McKellar,cmckellarff@npr.org,Female,132.248.131.190
557,Margit,Juara,mjuarafg@rediff.com,Female,35.129.207.97
558,Sam,Cracker,scrackerfh@timesonline.co.uk,Female,34.2.251.66
559,Muhammad,Wailes,mwailesfi@wsj.com,Male,131.40.136.61
560,Worth,Toler,wtolerfj@chronoengine.com,Male,111.205.204.195
561,Opalina,Wallbridge,owallbridgefk@mlb.com,Female,177.22.115.116
562,Drusy,Gearing,dgearingfl@hibu.com,Agender,133.147.197.92
563,Aloin,Escala,aescalafm@w3.org,Male,227.44.80.30
564,Sashenka,Eagling,seaglingfn@tinypic.com,Female,34.241.203.86
565,Dirk,Dayer,ddayerfo@geocities.com,Male,151.170.240.218
566,Aurlie,Jeffcoate,ajeffcoatefp@phpbb.com,Female,12.134.163.223
567,Forbes,Bellhanger,fbellhangerfq@com.com,Male,92.56.59.147
568,Kenny,Boston,kbostonfr@eventbrite.com,Male,229.10.38.124
569,Nappy,Maddick,nmaddickfs@pen.io,Male,84.109.212.227
570,Filip,Mylechreest,fmylechreestft@hibu.com,Male,52.226.3.208
571,Steven,Adel,sadelfu@cbsnews.com,Male,254.206.196.246
572,Whitaker,Fruen,wfruenfv@tinypic.com,Male,224.13.29.211
573,Tarrance,Maitland,tmaitlandfw@slideshare.net,Male,170.61.107.199
574,Trudi,Trewartha,ttrewarthafx@bluehost.com,Female,53.99.68.177
575,Talbot,Pattini,tpattinify@studiopress.com,Genderqueer,25.187.125.49
576,Blithe,Cowlard,bcowlardfz@foxnews.com,Female,42.26.2.242
577,Charley,Huxton,chuxtong0@acquirethisname.com,Male,223.122.192.172
578,Gayelord,Ottee,gotteeg1@ning.com,Male,58.113.69.33
579,Candy,Moulster,cmoulsterg2@livejournal.com,Female,123.54.53.0
580,Lucius,Philipson,lphilipsong3@wordpress.org,Male,172.86.158.64
581,Osbourn,Kingcote,okingcoteg4@yellowbook.com,Male,32.206.249.41
582,Cecilia,Casson,ccassong5@google.cn,Female,76.124.61.52
583,Alley,Langridge,alangridgeg6@domainmarket.com,Male,81.158.217.101
584,Rodina,Faloon,rfaloong7@fda.gov,Female,111.18.18.183
585,Henderson,Fairbrass,hfairbrassg8@mediafire.com,Male,130.233.53.232
586,Coreen,Prandoni,cprandonig9@tripod.com,Female,144.73.220.234
587,Vincenz,McParland,vmcparlandga@quantcast.com,Polygender,70.208.228.127
588,Crysta,Bartoletti,cbartolettigb@wikia.com,Female,122.184.142.81
589,Tedd,Sandbrook,tsandbrookgc@utexas.edu,Male,229.233.202.104
590,Pam,Shuter,pshutergd@seattletimes.com,Female,43.41.204.194
591,Huntlee,Lanegran,hlanegrange@cornell.edu,Male,96.203.36.38
592,Lefty,Garrow,lgarrowgf@multiply.com,Male,86.193.157.44
593,Deidre,Manners,dmannersgg@github.io,Female,205.253.90.139
594,Chaddie,Logsdail,clogsdailgh@zdnet.com,Male,210.74.230.3
595,Hailey,Domenc,hdomencgi@etsy.com,Male,222.178.164.100
596,Stormi,Vanyakin,svanyakingj@yale.edu,Female,7.51.32.203
597,Jamey,Probey,jprobeygk@bloglovin.com,Male,84.75.224.32
598,Kenton,Render,krendergl@goodreads.com,Male,16.149.227.147
599,Dalton,Python,dpythongm@4shared.com,Male,23.174.232.74
600,Norah,Webberley,nwebberleygn@wikimedia.org,Female,118.130.208.135
601,Tonnie,Woollard,twoollardgo@liveinternet.ru,Male,231.193.201.104
602,Reynold,Fallis,rfallisgp@nasa.gov,Male,160.132.235.68
603,Chantal,Phinnessy,cphinnessygq@uiuc.edu,Polygender,232.247.85.187
604,Nerte,Ladbury,nladburygr@about.me,Female,177.168.135.134
605,Bradford,Gave,bgavegs@homestead.com,Male,181.19.217.200
606,Jaquenetta,Iorizzo,jiorizzogt@bandcamp.com,Female,110.212.246.94
607,Shoshana,Dzenisenka,sdzenisenkagu@si.edu,Female,137.142.15.24
608,Kendal,Seres,kseresgv@lulu.com,Male,76.219.180.105
609,Remus,Bingham,rbinghamgw@usgs.gov,Male,7.137.96.121
610,Thelma,Hultberg,thultberggx@ifeng.com,Female,241.213.129.37
611,Henderson,Casserley,hcasserleygy@usgs.gov,Male,254.76.190.70
612,Rose,MacIntyre,rmacintyregz@w3.org,Female,200.101.178.222
613,Lurline,Lauridsen,llauridsenh0@europa.eu,Female,227.5.219.58
614,Arthur,Coppock.,acoppockh1@parallels.com,Male,251.222.44.25
615,Mack,Everil,meverilh2@chronoengine.com,Male,194.201.103.139
616,Jeffry,Raymond,jraymondh3@stanford.edu,Male,2.78.19.129
617,Fleurette,Gullberg,fgullbergh4@squidoo.com,Agender,35.174.49.80
618,Lorens,Tollerfield,ltollerfieldh5@techcrunch.com,Male,90.3.194.5
619,Julian,Fetherston,jfetherstonh6@gnu.org,Male,96.171.6.227
620,Merrill,Hinze,mhinzeh7@newyorker.com,Bigender,80.181.134.6
621,Adolph,Singh,asinghh8@gizmodo.com,Male,216.81.108.226
622,Chaddy,Rame,crameh9@blog.com,Male,77.205.131.54
623,Cristionna,Pinchback,cpinchbackha@artisteer.com,Female,181.242.240.161
624,Ruby,Pabelik,rpabelikhb@kickstarter.com,Male,102.168.228.85
625,Arlette,Enos,aenoshc@behance.net,Female,153.242.192.73
626,Shaun,Cholmondeley,scholmondeleyhd@dagondesign.com,Female,149.120.240.234
627,Costa,Watkiss,cwatkisshe@shutterfly.com,Male,127.90.144.159
628,Chelsey,Alexandre,calexandrehf@chron.com,Female,170.182.217.212
629,Fallon,Blackney,fblackneyhg@imdb.com,Female,192.159.102.110
630,Beilul,Portman,bportmanhh@github.io,Female,247.61.135.131
631,Kimbell,Bleasdale,kbleasdalehi@wikimedia.org,Male,199.175.176.182
632,Boonie,Hurl,bhurlhj@amazon.co.uk,Male,139.13.125.72
633,Lorelei,Peatheyjohns,lpeatheyjohnshk@stumbleupon.com,Female,37.125.55.117
634,Leonard,Milbourn,lmilbournhl@bloglovin.com,Male,235.224.116.14
635,Odilia,Tapscott,otapscotthm@thetimes.co.uk,Polygender,194.252.48.38
636,Meredith,Germain,mgermainhn@canalblog.com,Genderfluid,213.18.4.142
637,Quinn,Lowthian,qlowthianho@si.edu,Female,7.197.216.14
638,Phip,Pettegree,ppettegreehp@123-reg.co.uk,Male,71.42.41.135
639,Franklyn,Cannam,fcannamhq@springer.com,Male,121.16.199.99
640,Rodrique,Rimell,rrimellhr@diigo.com,Male,36.139.47.152
641,Kingsley,Fulcher,kfulcherhs@ustream.tv,Male,159.150.60.69
642,Marguerite,De Avenell,mdeavenellht@barnesandnoble.com,Female,210.23.88.106
643,Stanwood,Gisby,sgisbyhu@elpais.com,Male,218.164.222.74
644,Ashlie,Cordelle,acordellehv@forbes.com,Female,184.27.111.129
645,Alfredo,Endon,aendonhw@list-manage.com,Male,79.73.39.26
646,Dud,Dennington,ddenningtonhx@w3.org,Male,27.143.240.133
647,Derk,Storkes,dstorkeshy@unicef.org,Polygender,170.212.138.119
648,Jolie,Wells,jwellshz@fda.gov,Female,150.193.98.72
649,Arluene,Breeds,abreedsi0@google.ca,Agender,175.251.95.88
650,Sherwood,Ewart,sewarti1@mapquest.com,Male,250.48.213.119
651,Mario,Balfre,mbalfrei2@scientificamerican.com,Agender,177.195.115.12
652,Jodee,Heeney,jheeneyi3@psu.edu,Female,222.53.225.28
653,Bonita,Cole,bcolei4@google.de,Female,122.27.65.138
654,Cicely,Baldick,cbaldicki5@51.la,Female,55.5.122.96
655,Killy,Siddons,ksiddonsi6@sourceforge.net,Male,96.37.155.235
656,Gunar,Allsopp,gallsoppi7@who.int,Male,226.192.185.178
657,Melanie,Eirwin,meirwini8@ucoz.ru,Female,176.9.171.235
658,Claus,Cottell,ccottelli9@mozilla.org,Male,96.104.140.107
659,Artus,Odlin,aodlinia@mapy.cz,Genderfluid,52.149.68.57
660,Elmer,Hasley,ehasleyib@techcrunch.com,Male,11.54.82.65
661,Drucy,Sprott,dsprottic@theatlantic.com,Female,218.46.141.194
662,Cathyleen,Grabban,cgrabbanid@state.gov,Female,251.64.96.141
663,Clio,Langshaw,clangshawie@discuz.net,Female,3.38.155.56
664,Maegan,Peasee,mpeaseeif@vkontakte.ru,Female,200.195.95.227
665,Theodor,Zellner,tzellnerig@cafepress.com,Male,44.172.98.111
666,Nels,Tillot,ntillotih@ca.gov,Male,200.24.255.21
667,Saloma,Bragg,sbraggii@chicagotribune.com,Female,227.111.18.108
668,Thatcher,Yukhnin,tyukhninij@statcounter.com,Male,65.11.86.62
669,Jamesy,Merit,jmeritik@artisteer.com,Male,142.175.98.10
670,Hamilton,Aymes,haymesil@posterous.com,Male,115.146.93.103
671,Maurene,Bleakley,mbleakleyim@examiner.com,Female,247.201.33.193
672,Goldi,Fears,gfearsin@odnoklassniki.ru,Female,164.143.211.22
673,Tawnya,Cansdell,tcansdellio@ucsd.edu,Female,15.10.18.77
674,Arvie,Hastwell,ahastwellip@sina.com.cn,Male,74.179.60.193
675,Giulia,Beavors,gbeavorsiq@engadget.com,Female,205.247.174.166
676,James,Fasham,jfashamir@icio.us,Male,179.7.209.21
677,Hersch,Stileman,hstilemanis@marriott.com,Male,156.189.147.99
678,Viviana,Azema,vazemait@msu.edu,Female,228.252.183.112
679,Gabi,Feldmus,gfeldmusiu@tripod.com,Female,245.237.146.59
680,Thaine,Wrathall,twrathalliv@hugedomains.com,Male,152.138.12.19
681,Giffer,Tonbye,gtonbyeiw@github.com,Male,14.132.133.122
682,Sadye,Kasper,skasperix@springer.com,Female,202.120.158.58
683,Jarret,Lendon,jlendoniy@ameblo.jp,Male,7.244.116.109
684,Andriette,Normanville,anormanvilleiz@rambler.ru,Female,117.82.4.116
685,Paule,Unwin,punwinj0@woothemes.com,Female,92.226.161.242
686,Laverne,Charlick,lcharlickj1@blog.com,Female,74.208.14.221
687,Ly,Nelissen,lnelissenj2@newsvine.com,Male,65.29.75.18
688,Arlie,MacKeeg,amackeegj3@yolasite.com,Female,178.57.118.138
689,Georgiana,Karlowicz,gkarlowiczj4@chronoengine.com,Female,70.76.78.221
690,Sal,Barthelme,sbarthelmej5@mysql.com,Male,61.232.228.189
691,Kevin,Byrcher,kbyrcherj6@redcross.org,Male,243.237.86.185
692,Emylee,McMenamy,emcmenamyj7@github.io,Female,156.154.236.147
693,Janice,Paradyce,jparadycej8@ow.ly,Female,160.6.202.173
694,Binny,Mogenot,bmogenotj9@dailymail.co.uk,Female,234.216.4.8
695,Bert,Dransfield,bdransfieldja@spiegel.de,Female,135.81.43.196
696,Ealasaid,Gobourn,egobournjb@hexun.com,Female,218.162.74.138
697,Myer,Shimmans,mshimmansjc@npr.org,Male,192.207.25.213
698,Mata,Arkow,markowjd@mit.edu,Male,169.86.219.158
699,Kipper,Rushworth,krushworthje@istockphoto.com,Male,52.144.30.147
700,Marlo,Farnham,mfarnhamjf@mayoclinic.com,Female,67.169.27.47
701,Thacher,Prevost,tprevostjg@free.fr,Male,92.173.94.84
702,Lewiss,Asken,laskenjh@accuweather.com,Non-binary,23.25.240.202
703,Joelynn,Bean,jbeanji@ucoz.com,Agender,254.190.245.78
704,Marsiella,Skeen,mskeenjj@pinterest.com,Non-binary,27.192.180.206
705,Augusta,Jewks,ajewksjk@vistaprint.com,Female,14.115.12.24
706,Abram,Kenright,akenrightjl@google.ru,Male,37.121.80.159
707,Sonny,Durward,sdurwardjm@walmart.com,Female,253.101.75.144
708,Norton,Search,nsearchjn@pinterest.com,Male,222.124.154.55
709,Alvan,McGourty,amcgourtyjo@java.com,Male,86.17.2.245
710,Nero,Trattles,ntrattlesjp@imageshack.us,Male,201.64.190.105
711,Bradly,M'Barron,bmbarronjq@artisteer.com,Male,184.251.91.155
712,Frederigo,Edgecumbe,fedgecumbejr@plala.or.jp,Male,13.30.99.146
713,Kailey,de Savery,kdesaveryjs@barnesandnoble.com,Female,184.73.51.33
714,Vasilis,Gartin,vgartinjt@paginegialle.it,Male,51.152.170.71
715,Dasi,Studdeard,dstuddeardju@amazon.de,Female,240.31.176.78
716,Granny,Pikett,gpikettjv@fc2.com,Male,16.152.52.76
717,Derby,Milmo,dmilmojw@miitbeian.gov.cn,Male,73.252.58.3
718,Giustino,Shuard,gshuardjx@about.com,Male,218.21.142.152
719,Troy,Steele,tsteelejy@google.es,Male,74.11.77.160
720,Gabrielle,Levermore,glevermorejz@liveinternet.ru,Female,202.143.21.48
721,Joane,Skuse,jskusek0@wikia.com,Female,8.120.248.38
722,Alan,Broome,abroomek1@reverbnation.com,Male,55.197.238.58
723,Titos,Winney,twinneyk2@youku.com,Male,177.119.108.169
724,Micaela,Fishwick,mfishwickk3@ucoz.ru,Female,147.13.0.151
725,Ware,Holtum,wholtumk4@irs.gov,Male,122.22.87.144
726,Becky,Goldup,bgoldupk5@berkeley.edu,Female,189.1.203.75
727,Hollis,Skynner,hskynnerk6@hud.gov,Male,150.149.186.203
728,Levi,Sproule,lsproulek7@eepurl.com,Male,37.41.55.142
729,Moselle,Pendlington,mpendlingtonk8@sohu.com,Female,48.86.164.1
730,Daffi,Housbey,dhousbeyk9@soundcloud.com,Female,248.29.245.129
731,Augustus,Sute,asuteka@quantcast.com,Male,148.245.26.84
732,Abra,Ekins,aekinskb@virginia.edu,Female,162.251.140.221
733,Tadio,Ferie,tferiekc@istockphoto.com,Male,176.196.38.116
734,Eveline,Domini,edominikd@bbb.org,Female,63.132.2.52
735,Tymon,Iddins,tiddinske@moonfruit.com,Male,172.242.85.233
736,Lauralee,Robert,lrobertkf@bbc.co.uk,Non-binary,200.64.122.38
737,Tod,Easum,teasumkg@dmoz.org,Male,130.71.168.95
738,Erie,Gouth,egouthkh@wordpress.org,Male,223.177.93.28
739,Thaxter,Devennie,tdevennieki@constantcontact.com,Male,79.117.120.140
740,Gerick,Urling,gurlingkj@jalbum.net,Bigender,88.224.70.232
741,Marillin,Winder,mwinderkk@nature.com,Female,151.171.155.108
742,Francisco,Heatlie,fheatliekl@yahoo.com,Male,134.167.46.146
743,Marlene,Duiged,mduigedkm@vistaprint.com,Genderqueer,38.150.204.36
744,Venus,McKevin,vmckevinkn@dagondesign.com,Female,29.57.217.145
745,Jamie,Likly,jliklyko@multiply.com,Female,2.12.214.254
746,Georgine,Vannoni,gvannonikp@jiathis.com,Female,77.24.10.14
747,Jone,Burnard,jburnardkq@wufoo.com,Genderfluid,173.85.101.41
748,Catherina,Algar,calgarkr@bandcamp.com,Female,109.182.69.42
749,Margarethe,Vivash,mvivashks@weather.com,Female,124.198.139.14
750,Star,Sheran,ssherankt@dyndns.org,Female,128.201.123.222
751,Donalt,Tomasino,dtomasinoku@friendfeed.com,Male,6.228.140.116
752,Deana,O'Murtagh,domurtaghkv@bluehost.com,Female,93.61.31.81
753,Karoline,Grimsdith,kgrimsdithkw@bluehost.com,Female,3.60.189.212
754,Lacy,Gumbley,lgumbleykx@photobucket.com,Female,88.52.106.215
755,Karim,Rock,krockky@umich.edu,Male,100.124.13.189
756,North,Benstead,nbensteadkz@hatena.ne.jp,Male,244.192.159.100
757,Garrard,Bechley,gbechleyl0@weebly.com,Male,224.165.112.171
758,Del,Oger,dogerl1@jalbum.net,Agender,42.175.39.63
759,Nelli,Pickrell,npickrelll2@va.gov,Female,200.57.38.135
760,Darb,Golsworthy,dgolsworthyl3@archive.org,Female,145.225.81.102
761,Court,Colicot,ccolicotl4@fotki.com,Male,202.93.42.68
762,Maurine,Worstall,mworstalll5@nhs.uk,Genderqueer,171.190.11.110
763,Michale,Tredgold,mtredgoldl6@typepad.com,Male,102.113.228.41
764,Kerri,Duggon,kduggonl7@webs.com,Female,8.62.177.49
765,Cameron,Denney,cdenneyl8@usatoday.com,Male,22.240.38.210
766,Rois,Groveham,rgrovehaml9@yellowpages.com,Female,103.13.4.81
767,Evanne,Roycroft,eroycroftla@google.de,Female,217.14.78.46
768,Pete,Sollowaye,psollowayelb@sfgate.com,Bigender,156.16.244.86
769,Jed,Tovey,jtoveylc@paypal.com,Male,251.44.194.153
770,Noak,Ruggier,nruggierld@ning.com,Male,39.48.228.68
771,Percy,Munks,pmunksle@earthlink.net,Male,253.99.96.102
772,Deonne,Face,dfacelf@wikispaces.com,Female,95.1.242.14
773,Dukie,Bradtke,dbradtkelg@examiner.com,Male,163.142.127.235
774,Talbot,Count,tcountlh@free.fr,Male,239.163.201.182
775,Donica,McAne,dmcaneli@indiegogo.com,Female,52.211.161.88
776,Allys,McGreal,amcgreallj@pagesperso-orange.fr,Female,106.76.251.50
777,Judy,Ringer,jringerlk@sourceforge.net,Female,50.151.145.245
778,Glen,Mohammed,gmohammedll@comcast.net,Male,71.180.1.113
779,Shanta,Lamacraft,slamacraftlm@wp.com,Female,189.133.117.54
780,Priscilla,Haill,phaillln@naver.com,Female,202.152.217.28
781,Vita,Mariaud,vmariaudlo@china.com.cn,Female,134.22.118.212
782,Glynda,Pritchitt,gpritchittlp@cnet.com,Female,90.80.132.115
783,Sylvester,Gaukroger,sgaukrogerlq@hatena.ne.jp,Male,22.254.165.112
784,Aron,Timny,atimnylr@state.gov,Male,1.13.72.32
785,Tiff,Arthey,tartheyls@sohu.com,Female,179.79.12.137
786,Manon,Crosland,mcroslandlt@creativecommons.org,Female,147.35.85.234
787,Carol,MacQuarrie,cmacquarrielu@google.com.au,Female,152.25.197.154
788,Konrad,Woodcock,kwoodcocklv@senate.gov,Male,237.66.85.23
789,Wain,Lauxmann,wlauxmannlw@diigo.com,Male,58.151.196.165
790,Brandi,Tidd,btiddlx@live.com,Female,196.26.156.230
791,Jackqueline,Johnsey,jjohnseyly@oakley.com,Female,49.219.87.221
792,Jamey,Crombleholme,jcrombleholmelz@tuttocitta.it,Male,207.243.113.19
793,Claybourne,Lillie,clilliem0@paginegialle.it,Male,109.253.193.71
794,Bendick,Monketon,bmonketonm1@blogspot.com,Male,67.105.0.71
795,Electra,Privost,eprivostm2@flavors.me,Female,88.90.125.184
796,Orlando,Srutton,osruttonm3@purevolume.com,Male,2.14.182.43
797,Siegfried,Grewar,sgrewarm4@squidoo.com,Male,173.5.235.104
798,Denny,Aiskovitch,daiskovitchm5@bluehost.com,Non-binary,82.190.204.77
799,Tami,Gowanlock,tgowanlockm6@nyu.edu,Female,131.82.252.34
800,Gail,Fellowes,gfellowesm7@wikimedia.org,Male,63.112.5.253
801,Forster,Churchouse,fchurchousem8@hao123.com,Male,197.35.121.144
802,Blayne,Brehault,bbrehaultm9@samsung.com,Male,68.133.53.17
803,Sonny,Leversuch,sleversuchma@seesaa.net,Male,171.188.63.4
804,Trent,Broster,tbrostermb@i2i.jp,Male,196.110.123.251
805,Josiah,Domoni,jdomonimc@smugmug.com,Male,182.18.213.168
806,Betti,Myles,bmylesmd@lycos.com,Female,72.238.246.24
807,Pam,Sket,psketme@blogspot.com,Female,243.24.186.27
808,Lewiss,Ingerson,lingersonmf@livejournal.com,Male,214.170.99.75
809,Paula,Kimbrey,pkimbreymg@smh.com.au,Female,95.216.252.108
810,Anetta,Weatherhead,aweatherheadmh@arizona.edu,Female,160.29.148.177
811,Maurits,Ghidelli,mghidellimi@yellowpages.com,Male,199.53.185.210
812,Corney,Allum,callummj@yellowpages.com,Male,101.12.141.224
813,Shaylah,Coster,scostermk@newyorker.com,Female,246.254.160.51
814,Nonnah,Pettus,npettusml@weebly.com,Polygender,167.21.73.9
815,Sibyl,McTavy,smctavymm@jiathis.com,Female,18.118.180.152
816,Morly,Swalwel,mswalwelmn@google.nl,Male,144.176.106.160
817,Crichton,Caley,ccaleymo@acquirethisname.com,Male,237.92.53.53
818,Meridith,Kadar,mkadarmp@who.int,Female,27.75.185.182
819,Agace,Harken,aharkenmq@google.pl,Female,193.146.15.179
820,Aguie,Caw,acawmr@xing.com,Male,247.135.241.108
821,Minnie,Najara,mnajarams@instagram.com,Female,155.158.157.131
822,Annelise,Yashin,ayashinmt@cbc.ca,Female,6.227.46.120
823,Donavon,Yoakley,dyoakleymu@theatlantic.com,Male,251.28.77.127
824,Teresita,Grayling,tgraylingmv@surveymonkey.com,Female,123.255.152.63
825,Gwenora,Leeman,gleemanmw@opensource.org,Female,25.151.60.16
826,Laird,Spirit,lspiritmx@google.com,Male,37.131.7.163
827,Ketti,Vile,kvilemy@washington.edu,Female,96.212.176.31
828,Lemuel,Vaney,lvaneymz@sun.com,Male,162.214.120.61
829,Haven,Craik,hcraikn0@spiegel.de,Male,62.184.79.54
830,Jarrid,Shane,jshanen1@parallels.com,Male,197.131.203.62
831,Jase,Gulliford,jgullifordn2@edublogs.org,Male,85.244.80.77
832,Kalie,Dabinett,kdabinettn3@miitbeian.gov.cn,Female,131.1.176.67
833,Jemima,Nestoruk,jnestorukn4@scientificamerican.com,Female,60.206.202.134
834,Alexi,Pavluk,apavlukn5@harvard.edu,Female,157.128.44.166
835,Brigit,McIlwraith,bmcilwraithn6@shinystat.com,Female,171.231.161.123
836,Rodd,Braithwaite,rbraithwaiten7@biglobe.ne.jp,Male,119.0.133.148
837,Filia,Alway,falwayn8@miibeian.gov.cn,Female,32.207.252.219
838,Clement,Gauvain,cgauvainn9@hugedomains.com,Male,6.64.227.142
839,Arlyne,Taphouse,ataphousena@sbwire.com,Female,176.158.83.42
840,Ebenezer,Revans,erevansnb@buzzfeed.com,Male,33.42.187.68
841,Verge,Durbann,vdurbannnc@washingtonpost.com,Male,53.212.217.11
842,Taddeusz,Knight,tknightnd@wikimedia.org,Bigender,51.99.200.114
843,Mel,Tommei,mtommeine@delicious.com,Female,238.110.160.36
844,Kate,Stonehewer,kstonehewernf@omniture.com,Female,166.24.5.9
845,Garwin,Melmar,gmelmarng@furl.net,Male,61.75.127.173
846,Alexei,Bernakiewicz,abernakiewicznh@shutterfly.com,Male,229.190.95.194
847,Merrie,Toulch,mtoulchni@usgs.gov,Female,30.173.212.112
848,Britte,Pablo,bpablonj@statcounter.com,Genderqueer,189.2.65.175
849,Cheston,Davidge,cdavidgenk@bloglines.com,Male,221.242.203.98
850,Lexy,Plunket,lplunketnl@independent.co.uk,Bigender,83.205.245.78
851,Gallard,Bellow,gbellownm@qq.com,Male,147.29.126.141
852,Cybill,Cereceres,ccereceresnn@ox.ac.uk,Female,41.172.228.14
853,Erna,Placide,eplacideno@homestead.com,Genderfluid,184.132.2.65
854,Anatole,Lucken,aluckennp@linkedin.com,Male,230.161.87.230
855,Alina,Sumner,asumnernq@blogtalkradio.com,Female,8.233.107.95
856,Demetrius,Owttrim,dowttrimnr@1und1.de,Male,28.94.181.62
857,Prescott,Dilawey,pdilaweyns@sakura.ne.jp,Male,101.189.95.241
858,Enriqueta,Speaks,espeaksnt@wikia.com,Female,202.53.220.142
859,Braden,Cleef,bcleefnu@ca.gov,Male,5.255.156.213
860,Shawna,Piotr,spiotrnv@yolasite.com,Female,18.69.63.169
861,Ariella,Obington,aobingtonnw@google.com.hk,Female,164.219.205.84
862,Araldo,Goalley,agoalleynx@networkadvertising.org,Male,166.57.22.181
863,Oby,Madigan,omadiganny@dion.ne.jp,Male,238.24.61.103
864,Dillie,Liverock,dliverocknz@ucsd.edu,Male,210.175.58.12
865,Mikol,Bonder,mbondero0@mozilla.org,Male,114.179.86.78
866,Meara,Buckett,mbucketto1@washington.edu,Female,96.137.167.173
867,Sayre,Crenshaw,screnshawo2@foxnews.com,Female,45.91.193.164
868,Ivory,Godber,igodbero3@squidoo.com,Female,46.1.135.68
869,Lucretia,Malser,lmalsero4@baidu.com,Genderfluid,20.220.113.121
870,Nancee,Lear,nlearo5@wordpress.org,Female,195.150.91.189
871,Shelli,Ouldred,souldredo6@desdev.cn,Bigender,166.27.32.104
872,Dorri,Mullany,dmullanyo7@hc360.com,Female,25.194.173.35
873,Layla,Frean,lfreano8@merriam-webster.com,Female,15.200.146.143
874,Milton,Plimmer,mplimmero9@github.io,Male,17.74.233.202
875,Lorne,Arnefield,larnefieldoa@google.co.uk,Female,3.24.169.246
876,Claudianus,Stammirs,cstammirsob@yellowpages.com,Male,230.180.97.109
877,Kenna,Filipchikov,kfilipchikovoc@wordpress.com,Female,45.177.184.73
878,Gran,Hubner,ghubnerod@sourceforge.net,Male,227.80.62.255
879,Lucinda,Chevins,lchevinsoe@hud.gov,Agender,123.194.237.97
880,Maxi,Korneichik,mkorneichikof@zimbio.com,Female,25.231.206.192
881,Minnaminnie,Jekel,mjekelog@indiegogo.com,Female,63.110.138.87
882,Mischa,Whitehorne,mwhitehorneoh@miibeian.gov.cn,Male,86.17.174.121
883,Sibella,Spellacey,sspellaceyoi@theglobeandmail.com,Female,166.244.8.5
884,Kasey,Golda,kgoldaoj@comcast.net,Female,221.174.5.156
885,Candis,Rubenov,crubenovok@ftc.gov,Female,84.44.230.97
886,Meridith,Cecely,mcecelyol@hud.gov,Female,5.24.45.108
887,Elwyn,Arangy,earangyom@so-net.ne.jp,Male,218.42.245.96
888,Carlie,Rozea,crozeaon@jugem.jp,Male,71.52.251.101
889,Joly,Caldeiro,jcaldeirooo@tinyurl.com,Female,208.84.91.60
890,Chet,Sodo,csodoop@thetimes.co.uk,Genderfluid,6.219.113.79
891,Rochelle,Jandel,rjandeloq@privacy.gov.au,Female,219.37.25.99
892,Lilith,Pinches,lpinchesor@sbwire.com,Female,65.247.105.2
893,Farrah,Tanswill,ftanswillos@salon.com,Female,220.37.183.218
894,Henderson,Puddan,hpuddanot@tinypic.com,Male,111.184.71.117
895,Leupold,Harbin,lharbinou@aol.com,Male,31.46.196.9
896,Wilbert,Cockarill,wcockarillov@cargocollective.com,Male,193.216.247.138
897,Amandy,O'Fogerty,aofogertyow@photobucket.com,Polygender,69.211.103.209
898,Annmarie,Parker,aparkerox@webeden.co.uk,Female,47.184.38.227
899,Luce,Chalfain,lchalfainoy@blogspot.com,Male,111.162.118.125
900,Jeni,Portt,jporttoz@de.vu,Female,70.159.89.19
901,Vince,Erb,verbp0@businessinsider.com,Male,97.54.49.46
902,Gayelord,Veazey,gveazeyp1@multiply.com,Male,143.208.27.23
903,Hewet,Kenelin,hkenelinp2@sbwire.com,Male,101.254.223.214
904,Cyrill,Ottewell,cottewellp3@fotki.com,Male,126.3.142.34
905,Amandie,Northcliffe,anorthcliffep4@scribd.com,Female,220.174.90.134
906,Thedric,Pellew,tpellewp5@ucoz.com,Male,12.66.91.97
907,Giana,Boocock,gboocockp6@cnn.com,Female,232.87.226.238
908,Eartha,Garman,egarmanp7@reuters.com,Female,74.47.127.64
909,Carlo,Gawkes,cgawkesp8@upenn.edu,Male,74.41.199.117
910,Ferdinand,Clemenson,fclemensonp9@51.la,Male,81.49.205.207
911,Arlin,Spragg,aspraggpa@independent.co.uk,Male,38.197.25.252
912,Heddi,Couroy,hcouroypb@barnesandnoble.com,Genderfluid,7.214.12.208
913,Berenice,Boshard,bboshardpc@berkeley.edu,Female,217.6.159.217
914,Amye,Whyman,awhymanpd@clickbank.net,Female,81.68.143.62
915,Lorrie,Roden,lrodenpe@goo.ne.jp,Male,33.20.245.133
916,Rudolph,Colvill,rcolvillpf@bluehost.com,Male,228.7.220.239
917,Tilly,MacFadzan,tmacfadzanpg@wisc.edu,Female,126.204.73.219
918,Charmain,Gothrup,cgothrupph@house.gov,Female,104.23.74.66
919,Viola,Vivers,vviverspi@instagram.com,Female,16.14.35.120
920,Wye,Bim,wbimpj@canalblog.com,Male,11.77.63.228
921,Coletta,Langelaan,clangelaanpk@slideshare.net,Female,206.237.93.50
922,Linette,Kenninghan,lkenninghanpl@mlb.com,Female,115.249.216.141
923,Elliot,Losseljong,elosseljongpm@marketwatch.com,Male,65.26.39.241
924,Dannie,Keeling,dkeelingpn@amazon.co.jp,Male,251.56.204.177
925,Adrian,Reasun,areasunpo@apache.org,Male,150.202.46.122
926,Lari,Thrush,lthrushpp@icq.com,Genderfluid,255.126.106.100
927,Morgana,Tenpenny,mtenpennypq@wiley.com,Female,106.25.216.173
928,Mignon,Flement,mflementpr@nps.gov,Female,62.213.7.191
929,Roxy,Gallimore,rgallimoreps@wp.com,Female,71.11.111.47
930,Zelda,Aven,zavenpt@reference.com,Female,63.215.173.154
931,Jarid,Rump,jrumppu@taobao.com,Male,110.146.64.229
932,Tonye,Halvosen,thalvosenpv@desdev.cn,Female,101.40.155.58
933,Mackenzie,Hug,mhugpw@hud.gov,Male,167.254.57.116
934,Karlen,Berardt,kberardtpx@amazon.co.uk,Female,166.231.44.72
935,Saudra,Kiefer,skieferpy@weather.com,Female,198.251.163.45
936,Angelica,Bealing,abealingpz@wordpress.org,Female,112.1.37.254
937,Eberhard,Wetheril,ewetherilq0@eventbrite.com,Male,87.77.115.243
938,Sibylla,Lamberteschi,slamberteschiq1@whitehouse.gov,Female,21.86.151.161
939,Gregorius,Tripp,gtrippq2@themeforest.net,Male,72.81.88.58
940,Aldo,Wingrove,awingroveq3@squarespace.com,Male,99.235.163.177
941,Jacqui,Gyer,jgyerq4@cdbaby.com,Female,80.18.155.62
942,Kathy,Ivins,kivinsq5@mashable.com,Female,58.2.60.217
943,Emmy,Amiss,eamissq6@ustream.tv,Female,107.167.150.43
944,Mommy,Ebbitt,mebbittq7@netscape.com,Female,228.244.186.235
945,Nanni,Penney,npenneyq8@usatoday.com,Female,186.57.193.57
946,Courtney,Gellibrand,cgellibrandq9@vkontakte.ru,Female,28.93.170.242
947,Kurt,Rameau,krameauqa@livejournal.com,Male,25.111.43.37
948,Colman,Souness,csounessqb@samsung.com,Male,133.152.79.201
949,Sari,Heindrich,sheindrichqc@upenn.edu,Female,104.167.130.229
950,Torey,Campanelli,tcampanelliqd@adobe.com,Female,57.164.55.47
951,Rowney,Planke,rplankeqe@artisteer.com,Male,199.240.176.152
952,Ulises,Marklew,umarklewqf@sina.com.cn,Male,241.62.232.105
953,Winfred,Lowless,wlowlessqg@mozilla.com,Male,81.26.215.17
954,Murray,Laurentin,mlaurentinqh@mozilla.org,Male,83.221.142.91
955,Ingaborg,Cowland,icowlandqi@gov.uk,Female,253.13.213.198
956,Quinn,Noot,qnootqj@google.nl,Female,16.161.145.17
957,Poppy,Demcik,pdemcikqk@goodreads.com,Female,141.220.133.150
958,Austina,Curtoys,acurtoysql@youku.com,Female,133.215.79.128
959,Aldin,Colleer,acolleerqm@forbes.com,Male,89.149.219.154
960,Otto,Campelli,ocampelliqn@alibaba.com,Male,70.6.58.40
961,Martie,Bolam,mbolamqo@wufoo.com,Male,116.229.5.126
962,Alwin,Gallop,agallopqp@opera.com,Male,226.136.108.49
963,Sioux,Jennison,sjennisonqq@webeden.co.uk,Female,201.152.102.3
964,Oliviero,Dagnan,odagnanqr@google.co.jp,Male,227.191.119.9
965,Bernie,Toland,btolandqs@google.de,Male,221.103.201.111
966,Mellie,Gulland,mgullandqt@who.int,Female,179.250.115.31
967,Judon,McComish,jmccomishqu@hibu.com,Male,165.14.19.80
968,Farr,Crannell,fcrannellqv@csmonitor.com,Male,128.162.2.132
969,Ashby,Giraudou,agiraudouqw@ox.ac.uk,Male,114.92.148.63
970,Chev,Le Breton,clebretonqx@washingtonpost.com,Male,105.100.19.37
971,Kellen,Sandwick,ksandwickqy@indiegogo.com,Female,193.197.248.138
972,Rinaldo,McCaw,rmccawqz@oaic.gov.au,Male,178.155.134.44
973,Adler,Crummay,acrummayr0@wunderground.com,Genderqueer,50.20.87.135
974,Juliet,Taylder,jtaylderr1@dedecms.com,Female,8.98.244.125
975,Alvie,Meaddowcroft,ameaddowcroftr2@xrea.com,Male,235.203.216.43
976,Mead,Harridge,mharridger3@themeforest.net,Female,131.217.98.65
977,Elva,Rohlfs,erohlfsr4@craigslist.org,Female,105.11.99.14
978,Jecho,Brownbill,jbrownbillr5@reverbnation.com,Polygender,91.180.5.79
979,Sande,Derks,sderksr6@flavors.me,Female,245.78.146.160
980,Nikos,Scatcher,nscatcherr7@cdc.gov,Male,103.27.224.176
981,Giffie,Howison,ghowisonr8@ox.ac.uk,Male,148.98.82.118
982,Salem,Sikora,ssikorar9@wsj.com,Male,83.246.167.75
983,Tobie,Reade,treadera@theatlantic.com,Male,194.243.61.196
984,Aindrea,Jacobovitch,ajacobovitchrb@aol.com,Female,45.121.74.33
985,Kilian,McKeowon,kmckeowonrc@tripadvisor.com,Male,68.237.128.234
986,Adara,Udale,audalerd@liveinternet.ru,Female,109.199.226.44
987,Dorena,Cockton,dcocktonre@live.com,Female,45.224.100.0
988,Reidar,Askam,raskamrf@hibu.com,Male,5.65.79.135
989,Wilek,Goodinge,wgoodingerg@nymag.com,Male,30.212.250.175
990,Ebonee,Oxshott,eoxshottrh@redcross.org,Female,134.73.235.117
991,Brew,Dunstall,bdunstallri@freewebs.com,Male,26.220.100.28
992,Clevey,Scotcher,cscotcherrj@omniture.com,Male,215.41.101.147
993,Jeanna,Bodsworth,jbodsworthrk@shinystat.com,Female,177.135.61.66
994,Gregorio,Want,gwantrl@psu.edu,Male,92.131.61.122
995,Chrissy,Ricardet,cricardetrm@pcworld.com,Male,179.161.23.96
996,Ann,Wealthall,awealthallrn@indiatimes.com,Female,149.253.252.93
997,Carlin,Pottle,cpottlero@telegraph.co.uk,Female,205.39.23.71
998,Sidonnie,Fisby,sfisbyrp@hc360.com,Female,180.102.194.198
999,Osbert,di Rocca,odiroccarq@discovery.com,Male,11.168.234.232
1000,Padriac,Krysztofowicz,pkrysztofowiczrr@geocities.com,Male,164.192.104.8
